Reading.207860297 ,0.299,0.176,0.373,0.409,0.658,0.167,0.206,0.173,0.184,0.18,0.197,0.609,0.24,1.078,1.164,0.163,0.683,0.173,0.619,0.186,0.153,0.184,0.187,0.158,0.189,0.335,0.438,0.188,0.163,0.186,0.203,0.7,0.188,0.158,0.382,0.428,0.31,0.738,0.933,0.535,0.684,0.502,0.588,1.076,0.57,0.166,0.182,0.376
Reading.207860316 ,0.208,0.336,0.342,0.532,0.202,0.337,0.328,0.224,0.199,0.315,0.332,0.69,0.451,1.795,2.006,0.784,0.578,0.397,0.648,0.204,0.212,0.31,0.508,0.63,0.286,0.298,0.342,0.217,0.446,0.3,0.369,0.485,0.276,0.208,0.268,0.473,0.222,0.667,0.415,0.469,1.019,1.05,2.14,2.067,0.675,0.368,0.741,0.356
Reading.207860322 ,0.214,0.127,0.111,0.089,0.533,0.12,0.089,0.646,0.167,0.144,0.146,0.116,1.195,0.328,0.785,0.618,0.108,0.081,0.095,0.487,0.172,0.091,0.108,0.832,0.192,0.114,0.092,0.08,0.514,0.103,0.08,0.193,0.102,0.082,0.105,0.19,0.926,0.959,0.335,0.933,1.076,1.383,2.02,2.251,0.64,1.032,0.77,0.88
Reading.207860324 ,0.064,0.08,0.188,0.177,0.077,0.06,0.061,0.213,0.044,0.052,0.061,0.236,0.288,0.077,0.052,0.205,0.052,0.041,0.231,0.172,0.276,0.101,0.366,0.21,0.089,0.188,0.156,0.2,0.104,0.277,0.212,0.444,0.378,0.446,1.094,1.094,0.4,0.472,0.156,0.594,0.242,0.407,0.247,0.434,0.465,0.166,0.168,0.297
Reading.207860359 ,0.211,0.149,0.109,0.131,0.137,0.108,0.132,0.141,0.096,0.225,0.122,0.124,0.418,0.291,1.568,0.555,0.561,0.405,0.407,0.084,0.164,0.125,0.119,0.128,0.16,0.13,1.16,0.952,0.388,0.71,0.294,0.408,0.619,0.946,0.228,0.886,0.497,0.522,0.825,0.512,0.631,1.099,0.534,0.218,0.394,0.121,0.102,0.221
Reading.207860373 ,1.366,0.555,0.41,0.31,0.309,0.292,0.359,0.398,0.383,0.477,0.508,2.26,2.062,0.729,0.486,0.509,0.475,0.787,0.441,0.453,0.506,1.007,0.882,0.522,0.371,0.454,0.778,0.568,0.515,0.476,0.846,0.59,0.336,0.591,2.113,2.215,1.405,1.547,1.86,1.544,2.124,2.653,1.595,0.815,0.632,0.576,0.46,0.413
Reading.207860393 ,0.383,0.303,0.363,0.208,0.121,0.45,0.087,0.115,0.188,0.143,0.09,0.234,0.117,0.202,0.519,0.721,0.407,0.643,0.796,0.266,0.161,0.674,0.259,0.391,0.249,1.116,0.313,0.767,0.246,0.123,0.196,0.177,0.146,0.28,0.074,0.143,0.346,0.13,0.418,0.629,1.091,0.727,0.669,0.36,0.25,0.215,0.128,0.148
Reading.207860395 ,0.353,0.232,0.37,0.233,0.343,0.226,0.399,0.188,0.389,0.185,0.356,0.235,0.333,1.349,1.337,2.095,1.447,0.237,0.349,0.225,0.325,0.217,0.361,0.182,1.059,1.075,0.379,0.279,0.379,0.232,0.343,0.246,0.353,0.341,1.281,0.603,1.297,0.715,0.467,0.442,0.836,1.01,1.333,1.934,1.011,0.21,0.351,0.242
Reading.207860402 ,0.142,0.393,0.195,0.131,0.198,0.328,0.137,0.122,0.079,0.138,0.468,0.2,0.135,0.134,0.083,0.113,0.376,0.176,0.267,0.139,0.193,0.082,0.311,0.252,0.183,0.201,0.17,0.145,0.115,0.132,0.322,0.343,0.158,0.225,0.179,0.243,0.228,0.185,0.377,0.912,0.658,0.433,0.811,0.426,0.706,0.713,0.079,0.349
Reading.207860439 ,0.681,0.241,0.269,0.238,0.247,0.226,0.651,0.253,0.529,0.543,0.21,0.246,0.684,0.237,0.221,0.431,0.895,1.343,1.825,1.023,0.397,0.546,1.106,0.468,0.342,0.283,1.064,1.097,0.537,0.342,0.297,0.733,0.29,0.26,0.297,0.265,0.283,0.841,0.743,0.932,1.414,1.361,0.84,0.751,1.05,0.51,0.252,0.562
Reading.207860447 ,0.084,0.273,0.653,0.215,0.243,0.138,0.132,0.124,0.115,0.864,0.136,0.103,0.881,1.31,1.177,0.294,0.097,0.471,0.132,0.073,0.399,0.44,0.108,0.202,0.143,0.215,0.409,0.284,0.251,0.336,0.171,0.336,0.203,0.425,0.708,0.192,0.558,0.639,0.242,0.331,0.383,0.632,0.481,0.202,0.784,1.758,0.775,0.308
Reading.207860451 ,0.175,0.39,0.227,0.098,0.149,0.16,0.144,0.493,0.064,0.085,0.09,0.189,0.119,0.541,0.136,0.312,0.196,0.562,0.27,0.184,0.154,0.151,0.691,0.156,0.183,0.146,0.528,0.147,0.152,0.303,0.155,0.459,0.082,0.052,0.182,0.585,0.716,0.19,0.218,0.823,0.235,0.181,0.192,0.528,0.156,0.165,0.148,0.129
Reading.207860500 ,0.39,0.449,0.348,0.423,0.419,0.372,0.402,0.419,0.408,0.349,0.426,0.414,0.363,0.761,0.728,0.582,0.423,0.411,0.474,1.114,0.625,0.442,0.443,0.444,0.422,0.463,0.395,0.472,0.355,0.453,0.427,0.46,0.549,0.883,1.484,0.583,0.847,0.674,0.951,0.76,0.648,0.742,0.65,0.547,0.521,0.444,0.433,0.402
Reading.207860512 ,0.353,0.321,0.278,0.33,0.345,0.813,0.312,0.293,0.33,0.339,0.269,0.295,1.38,1.795,1.302,1.323,1.054,0.298,0.357,0.309,0.289,0.709,0.337,0.326,0.385,0.316,0.297,0.5,0.618,0.31,0.352,0.391,0.397,0.331,0.342,1.815,0.951,1.083,1.754,0.831,0.755,0.872,1.179,2.449,1.793,1.622,0.277,0.334
Reading.207860520 ,0.333,0.393,0.382,0.376,0.943,0.36,0.296,0.32,0.704,1.152,0.457,0.366,0.857,1.269,0.527,1.137,0.624,0.467,1.354,1.023,0.311,0.349,0.35,0.511,0.594,0.582,1.424,0.828,0.458,0.747,1.198,1.154,0.374,0.365,0.957,1.687,1.378,0.287,0.223,0.194,0.91,1.04,1.111,0.465,0.235,0.234,0.647,0.194
Reading.207860522 ,0.193,0.184,0.148,0.185,0.56,0.146,0.188,0.158,0.166,0.184,0.164,0.266,1.62,1.131,1.362,0.288,0.944,0.233,0.319,0.956,0.337,0.273,0.89,0.864,1.95,1.612,0.386,0.311,0.384,1.145,0.666,0.383,0.827,1.125,2.394,0.554,1.075,0.434,0.47,0.952,0.502,1.067,0.381,0.266,0.294,0.639,0.676,1.284
Reading.207860531 ,0.098,0.161,0.173,0.15,0.187,0.132,0.093,0.204,0.193,0.09,0.143,0.168,0.151,0.181,0.106,0.089,0.228,0.17,0.115,0.157,0.146,0.156,0.225,0.195,0.161,0.222,0.21,0.149,0.128,0.153,0.199,0.15,0.184,0.18,0.114,0.134,0.208,0.21,0.08,0.111,0.219,0.155,0.119,0.155,0.135,0.157,0.208,0.108
Reading.207860541 ,0.18,0.067,0.414,0.066,0.076,0.133,0.171,0.089,0.119,0.053,0.212,0.363,0.073,0.444,0.555,1.341,0.873,1.169,1.077,0.113,0.074,0.419,0.114,0.048,0.196,0.363,0.047,0.087,0.129,0.049,0.177,1.344,1.505,0.873,0.48,0.315,0.376,0.377,0.505,0.542,1.555,1.113,1.12,0.384,0.159,0.131,0.463,0.139
Reading.207860545 ,0.107,0.054,0.079,0.105,0.045,0.564,0.096,0.041,0.095,0.092,0.043,0.108,0.693,0.959,0.428,0.491,0.674,0.722,0.819,0.541,0.497,0.325,0.117,0.507,0.103,0.25,0.079,0.111,0.115,0.488,0.112,0.246,0.451,0.678,0.763,0.855,0.349,0.84,0.097,0.736,0.188,0.12,0.469,0.639,1.661,0.74,0.101,0.068
Reading.207860574 ,0.69,0.016,0.016,0.018,0.015,0.017,0.017,0.016,0.015,0.049,0.196,0.017,0.016,0.016,0.013,0.183,0.767,0.038,0.016,0.018,0.015,0.016,0.015,0.016,0.518,0.328,0.126,0.105,0.1,0.55,0.679,0.084,0.08,0.081,0.076,0.076,0.075,0.596,0.074,0.073,0.072,0.072,0.072,0.065,0.024,0.024,0.085,0.085
Reading.207860604 ,0.113,0.16,0.143,0.181,0.08,0.143,0.185,0.119,0.099,0.169,0.282,0.163,0.5,0.484,0.226,0.163,0.258,0.407,0.124,0.16,0.166,0.103,0.128,0.176,0.114,0.159,0.136,0.116,0.159,0.131,0.137,0.167,0.207,0.34,0.379,0.285,0.48,0.323,0.229,0.243,0.296,0.859,1.232,0.307,0.202,0.187,0.176,0.18
Reading.207860646 ,0.145,0.621,0.16,0.145,0.151,0.144,0.132,0.139,0.146,0.141,0.121,0.788,0.926,0.76,0.412,0.926,1.732,0.256,0.431,0.235,0.713,0.847,0.235,0.233,0.31,0.17,0.163,0.18,0.219,0.182,0.483,1.399,0.581,0.885,1.524,0.893,1.049,1.032,1.161,0.958,1.133,0.865,1.075,0.628,0.297,0.163,0.162,0.751
Reading.207860686 ,0.078,0.107,0.222,0.097,0.1,0.152,0.23,0.073,0.118,0.409,0.282,0.237,0.92,0.778,0.275,0.297,0.3,0.112,0.214,0.116,0.171,0.144,0.084,0.232,0.094,0.086,0.226,0.068,0.175,0.22,0.696,0.777,0.711,0.829,0.567,0.812,1.186,0.535,0.706,0.682,1.011,0.712,0.321,0.052,0.234,0.06,0.222,0.059
Reading.207860705 ,0.802,0.199,0.233,0.19,0.208,0.222,0.188,0.192,0.232,0.196,0.215,0.272,0.232,1.098,0.236,0.18,0.148,0.156,0.167,0.137,0.166,0.163,0.137,0.167,0.164,0.595,0.258,0.164,0.139,0.21,0.234,0.202,0.236,0.197,0.131,0.146,0.156,0.126,0.15,0.168,0.135,0.164,0.148,0.128,0.665,1.121,0.247,0.416
Reading.RD07000023,0.186,0.48,0.182,0.234,0.136,0.128,0.402,0.304,0.116,0.116,0.178,0.17,0.458,0.232,0.642,1.07,0.707,0.263,0.204,0.197,0.643,0.243,0.291,0.199,0.174,0.655,0.24,0.179,0.174,0.247,0.243,0.584,0.197,0.966,1.051,0.357,0.831,0.314,0.396,0.664,2.129,1.484,2.244,1.115,0.38,0.95,0.348,0.282
Reading.RD07000055,0.156,0.15,0.09,0.094,0.148,0.138,0.176,0.226,0.2,0.486,0.71,0.77,1.252,0.768,0.62,0.53,0.136,0.165,0.126,0.323,0.341,0.18,0.212,0.173,0.217,0.197,0.343,0.328,0.239,0.353,1.088,0.716,1.33,0.723,0.461,0.254,0.225,0.217,0.78,0.827,0.728,1.036,1.35,0.911,0.701,0.738,0.21,0.146
Reading.RD07000070,0.17,0.19,0.756,0.174,0.269,0.307,0.289,0.276,0.729,0.483,0.23,0.22,0.399,0.517,0.276,0.22,0.228,0.243,0.202,0.233,0.223,0.839,0.317,0.24,0.217,0.243,0.205,0.251,0.197,0.281,0.327,0.995,0.578,0.706,1.752,1.793,1.207,0.885,0.611,0.77,1.366,0.847,1.003,0.381,0.223,0.217,0.248,0.2
Reading.RD07000081,0.114,0.114,0.114,0.114,0.082,0.125,0.121,0.074,0.107,0.111,0.07,0.31,1.382,0.5,0.178,0.109,0.066,0.115,0.117,0.07,0.105,0.115,0.068,0.109,0.117,0.949,0.07,0.115,0.119,0.119,0.084,0.092,0.123,0.917,1.561,2.352,2.418,1.774,1.233,0.396,0.363,0.318,0.234,0.117,0.098,0.123,0.123,0.119
Reading.RD07000097,0.058,0.072,0.09,0.058,0.428,0.046,0.05,0.054,0.081,0.055,0.046,0.161,0.179,0.74,0.044,0.046,0.09,0.048,0.048,0.055,0.482,0.048,0.055,0.052,0.081,0.057,0.05,0.061,0.085,0.054,0.168,0.771,0.26,0.124,1,1.231,0.266,0.317,0.209,0.345,0.674,0.328,0.306,0.203,0.125,0.118,0.133,0.148
Reading.RD07000102,0.088,0.11,0.126,0.1,0.556,0.09,0.102,0.113,0.096,0.497,2.137,0.493,0.372,2.068,2.074,0.789,0.206,1.406,1.756,1.89,0.889,0.171,0.138,0.096,0.164,0.136,0.147,0.201,0.195,0.272,1.018,0.348,0.191,0.267,1.469,0.486,0.383,0.269,0.274,0.339,0.953,1.108,0.552,0.929,0.116,0.149,0.101,0.105
Reading.RD07000309,0.35,0.176,0.35,0.344,0.116,0.364,0.192,0.272,0.264,0.222,0.702,0.272,0.456,0.292,0.2,0.308,0.104,0.334,0.18,0.252,0.21,0.276,0.316,0.116,0.398,0.24,0.324,0.19,0.352,0.25,0.164,0.408,0.212,0.874,0.914,0.914,0.906,0.528,0.45,0.246,0.562,1.338,0.22,0.338,0.1,0.332,0.392,0.18
Reading.RD07000316,0.228,0.232,0.234,0.208,0.166,0.126,0.145,0.191,0.154,0.148,0.191,0.523,1.861,0.323,0.135,0.123,0.08,0.138,0.123,0.077,0.142,0.12,0.08,0.145,0.126,0.074,0.142,0.138,0.08,0.129,0.794,0.529,0.098,1.163,1.474,1.744,1.283,1.994,1.926,0.449,1.12,1.104,0.615,1.627,2.501,0.345,0.32,0.348
Reading.RD07000327,0.198,0.454,0.58,0.212,0,0,0,0,0,0,0,0,0,0,0,0,0,0,0,0,0,0,0,0,0,0,0,0,0,0,0,0,0,0,0,0,0,0,0,0,0,0,0,0,0,0,0,0
Reading.RX07000023,0.164,0.166,0.142,0.072,0.096,0.09,0.338,0.582,0.113,0.104,0.104,0.078,0.059,0.109,0.18,1.305,0.703,0.256,0.104,0.234,0.529,0.174,0.104,0.545,0.385,0.104,0.08,0.621,0.176,0.111,0.111,0.717,1.063,1.248,0.527,0.127,0.811,0.244,0.18,0.248,0.246,0.211,0.412,1.707,0.34,0.203,0.096,0.102
Reading.RX07000024,0.202,0.51,0.196,0.194,0.218,0.169,0.218,0.188,0.732,0.235,0.213,0.277,0.499,0.511,0.195,0.188,0.166,0.589,0.225,0.169,0.181,0.181,0.204,0.298,0.593,0.218,0.19,0.157,1.534,0.879,0.582,1.548,0.565,1.109,0.966,0.429,0.835,0.764,0.312,0.518,0.708,0.401,2.071,0.53,0.607,0.235,0.216,0.528
Reading.RX07000036,0.112,0.166,0.11,0.166,0.128,0.148,0.117,0.55,0.103,0.408,0.311,0.167,0.103,0.161,0.225,0.472,0.148,0.111,0.138,0.13,0.136,0.136,0.126,0.146,0.115,0.138,0.134,0.732,0.142,0.122,0.163,1.092,0.155,0.684,2.222,0.128,1.231,0.775,0.221,0.173,0.15,0.14,0.132,0.462,0.134,0.142,0.14,0.142
Reading.RX07000043,0.522,0.1,0.116,0.102,0.104,0.114,0.352,0.536,0.11,0.094,0.104,0.3,0.904,1.42,1.192,1.152,1.146,0.848,0.092,0.098,0.09,0.1,0.09,0.616,0.088,0.104,0.092,0.1,0.118,0.152,0.3,0.19,1.226,0.542,0.22,0.098,0.108,0.542,0.298,0.468,0.494,1.496,0.826,1.298,0.334,0.29,0.72,0.24
Reading.RX07000046,0.118,0.11,0.104,0.312,0.11,0.058,0.084,0.112,0.088,0.409,0.205,1.353,0.821,0.778,0.588,0.761,1.043,0.918,0.187,0.308,0.11,0.108,0.448,0.521,0.062,0.401,0.177,0.09,0.058,0.625,0.129,0.142,0.461,0.726,1.008,1.372,0.444,1.336,0.444,0.515,0.638,1.469,2.103,1.67,0.112,0.108,0.504,0.054
Reading.RX07000053,0.798,0.476,0.118,0.078,0.604,0.112,0.089,0.609,0.213,0.577,0.171,0.127,0.573,0.408,0.917,0.101,0.106,1.188,0.118,0.114,0.12,0.093,0.112,1.175,0.376,0.12,0.125,0.091,0.133,0.203,0.112,0.095,0.513,0.835,0.154,0.731,0.089,0.649,0.313,0.277,0.344,0.833,0.237,0.245,1.264,0.292,0.085,0.651
Reading.RX07000072,0.068,0.052,0.034,0.03,0.03,0.03,0.028,0.026,0.024,0.03,0.054,0.054,0.052,0.056,0.038,0.028,0.025,0.027,0.025,0.027,0.025,0.023,0.023,0.025,0.025,0.025,0.025,0.027,0.027,0.027,0.034,0.029,0.029,0.027,0.029,0.029,0.052,0.055,0.055,0.055,0.057,0.055,0.034,0.027,0.027,0.071,0.052,0.027
Reading.RX07000073,0.382,0.238,0.356,0.344,0.233,0.459,0.125,0.123,0.125,0.579,0.12,0.118,0.125,0.577,0.755,0.228,0.115,0.567,0.125,0.125,0.113,0.517,0.125,0.125,0.132,0.522,0.113,0.132,0.13,0.139,0.534,0.123,0.137,0.13,0.132,0.611,0.774,0.75,0.269,0.808,0.313,0.726,0.452,0.363,0.38,0.786,0.45,0.375
Reading.RX07000084,0.224,0.27,0.262,0.184,0.218,0.266,0.222,0.14,0.268,0.272,0.98,0.502,0.3,0.17,0.256,0.342,0.218,0.171,0.505,0.408,0.174,0.112,0.19,0.22,0.196,0.472,0.134,0.189,0.873,0.212,0.218,0.282,0.208,0.293,0.662,0.817,0.614,1.079,0.424,1.291,0.599,0.834,0.412,0.326,0.409,0.389,0.298,0.129
Reading.RX07000087,0.134,0.13,0.116,0.158,0.818,0.176,0.125,0.185,0.18,0.129,0.178,0.171,0.131,0.863,1.174,1.63,0.823,0.994,0.213,0.147,0.131,0.071,0.14,0.696,0.082,0.12,0.142,0.129,0.084,0.149,0.485,0.167,1.51,1.41,0.158,0.147,0.136,0.145,0.658,0.205,0.454,0.418,0.338,1.049,0.198,0.171,0.185,0.289
Reading.RX07000167,0.165,0.139,0.179,0.119,0.065,0.111,0.095,0.119,0.107,0.104,0.145,0.117,0.138,0.056,0.087,0.107,0.199,0.105,0.12,0.132,0.096,0.168,0.143,0.086,0.166,0.172,0.143,0.187,0.216,0.197,0.132,0.134,0.145,0.354,0.317,0.285,0.505,0.734,0.717,1.036,0.245,0.141,0.145,0.174,0.208,0.176,0.174,0.21
Reading.RX07000176,0.12,0.096,0.11,0.11,0.13,0.084,0.138,0.084,0.132,0.09,0.124,0.094,0.17,0.456,0.312,0.192,0.084,0.108,0.092,0.105,0.097,0.097,0.103,0.092,0.119,0.088,0.193,0.154,0.165,0.516,0.274,0.211,0.207,0.45,0.512,0.27,0.237,0.393,0.279,0.22,0.297,0.314,0.345,0.314,0.23,0.127,0.105,0.11
Reading.RX07000177,0.262,0.288,0.298,0.276,0.29,0.29,0.296,0.234,0.284,0.286,0.248,0.828,1.704,0.338,0.476,0.454,0.599,1.533,0.582,0.472,0.418,0.951,0.41,0.311,0.858,0.812,0.307,0.278,0.255,0.302,0.29,0.305,1.345,1.287,1.535,0.632,1.158,0.526,0.636,0.818,0.903,1.09,0.52,0.414,0.273,0.271,0.302,0.288
Reading.RX07000179,0.04,0.038,0.038,0.04,0.044,0.038,0.274,0.176,0.034,0.034,0.322,0.362,0.626,0.226,0.268,0.566,0.208,0.206,0.346,0.248,0.278,0.806,0.214,0.202,0.264,0.22,0.212,0.212,0.2,0.128,1.004,0.458,0.2,0.374,0.664,1.186,1.14,0.5,0.428,0.174,0.324,1.04,0.172,0.08,0.422,0.032,0.032,0.032
Reading.RX07000183,0.146,0.158,0.152,0.148,0.136,0.129,0.133,0.125,0.12,0.127,0.116,0.129,0.118,0.195,0.197,0.23,0.201,0.199,0.175,0.184,0.177,0.177,0.197,0.186,0.23,0.206,0.203,0.192,0.197,0.203,0.197,0.225,0.201,0.234,0.223,0.396,0.337,0.23,0.306,0.529,0.527,0.455,0.271,0.265,0.254,0.315,0.238,0.129
Reading.RX07000190,0.074,0.122,0.088,0.092,0.08,0.102,0.064,0.062,0.064,0.086,0.054,0.064,0.136,0.204,0.09,0.762,0.081,0.059,0.081,0.064,0.056,0.073,0.935,0.177,0.079,0.079,0.064,0.14,0.075,0.072,0.701,0.21,0.674,0.322,0.31,0.156,0.305,0.14,0.926,0.125,0.127,0.093,0.066,0.056,0.125,0.1,0.084,0.073
Reading.RX07000214,0.204,0.484,0.316,0.224,0.624,0.218,0.172,0.203,0.185,0.188,0.209,1.625,2.498,2.242,2.506,0.665,1.423,0.27,0.278,0.719,0.278,0.262,0.272,0.28,0.28,0.37,0.316,0.656,0.326,0.298,0.326,0.386,0.352,1.23,0.928,0.743,1.558,2.661,2.133,2.785,0.878,0.755,1.101,0.425,0.205,0.205,0.211,0.215
Reading.RX07000240,0.126,0.124,0.122,0.088,0.104,0.102,0.066,0.048,0.08,0.097,0.097,0.049,0.041,0.08,0.1,0.107,0.248,0.411,0.163,0.161,0.286,0.562,0.14,0.07,0.112,0.085,0.144,0.153,0.193,0.187,0.248,0.214,0.257,0.25,0.399,0.324,0.235,0.189,0.409,0.24,0.242,0.161,0.21,0.218,0.151,0.187,0.129,0.095
Reading.RX07000253,0.106,0.12,0.1,0.254,0.094,0.082,0.096,0.078,0.094,0.09,0.082,0.092,0.08,0.092,0.074,0.094,0.088,0.084,0.098,0.08,0.094,0.292,0.078,0.098,0.096,0.154,0.144,0.1,0.178,0.154,0.192,0.096,0.34,0.157,0.119,0.143,0.106,0.124,0.118,0.118,0.206,0.166,0.149,0.172,0.119,0.11,0.095,0.112
Reading.RX07000254,0.188,0.18,0.176,0.188,0.186,0.188,0.184,0.17,0.162,0.158,0.21,0.232,0.31,0.296,0.404,0.33,0.202,0.366,0.19,0.15,0.176,0.212,0.2,0.23,0.286,0.212,0.114,0.212,0.446,0.568,0.53,0.376,0.568,0.592,0.399,0.522,0.576,0.423,0.507,0.568,0.415,0.476,0.553,0.369,0.515,0.522,0.361,0.561
Reading.RX07000272,0.162,0.162,0.186,0.19,0.124,0.122,0.116,0.118,0.118,0.12,0.126,0.124,0.118,0.321,1.161,0.981,0.88,0.251,0.246,0.248,0.28,0.282,0.436,0.258,0.178,0.875,0.164,0.164,0.147,0.345,0.301,0.27,0.277,0.258,0.231,0.282,0.338,0.35,0.316,0.839,1.69,1.075,0.422,0.227,0.711,1.738,0.142,0.145
Reading.RX07000281,0.118,0.148,0.14,0.15,0.097,0.172,0.097,0.169,0.1,0.634,0.608,0.436,0.303,0.115,0.141,0.128,0.126,0.144,0.123,0.149,0.113,0.159,0.103,0.172,0.103,0.172,0.105,0.169,0.105,0.167,0.113,0.167,0.113,0.174,0.185,0.213,0.182,0.58,0.251,0.305,0.236,0.246,0.215,0.231,0.123,0.154,0.113,0.162
Reading.RX07000284,0.948,0.295,0.304,0.291,0.297,0.293,0.772,0.293,0.304,0.308,0.276,0.287,0.52,1.132,0.351,0.31,1.311,2.285,2.384,2.123,2.036,0.321,0.572,1.605,1.026,0.671,2.076,0.714,0.622,0.545,0.875,0.548,0.622,1.154,0.608,0.568,1.143,1.515,0.963,1.001,0.873,2.258,0.851,2.213,2.328,0.703,0.33,0.292
Reading.RX07000304,0.322,0.226,0.256,0.24,0.172,0.172,0.182,0.18,0.17,0.164,0.174,0.178,0.176,0.186,0.156,0.748,0.223,0.114,1.025,0.831,1.288,1.639,0.491,0.114,0.123,0.695,0.715,0.448,0.127,0.104,0.117,0.127,0.223,0.193,0.23,0.275,0.701,0.278,0.264,0.26,0.244,0.251,0.288,0.33,0.729,0.255,0.195,0.134
Reading.RX07000305,0.088,0.094,0.104,0.078,0.135,0.127,0.109,0.14,0.122,0.132,0.289,0.162,0.14,0.114,0.117,0.135,0.119,0.104,0.132,0.106,0.116,0.132,0.094,0.132,0.116,0.111,0.137,0.104,0.134,0.119,0.109,0.137,0.099,0.144,0.111,0.185,0.42,0.347,0.392,0.331,0.334,0.316,0.281,0.261,0.116,0.116,0.134,0.099
Reading.RX07000329,0.268,0.119,0.059,0.111,0.084,0.039,0.252,0.088,0.102,0.096,0.049,0.09,0.977,0.117,0.096,0.098,0.103,0.084,0.047,0.077,0.08,0.077,0.072,0.074,0.177,0.047,0.121,0.086,0.083,0.088,0.08,0.127,0.121,0.122,0.229,0.347,0.205,0.401,1.327,1.006,0.849,0.167,0.205,0.348,0.425,0.226,0.116,0.096
Reading.RX07000330,0.223,0.197,0.223,0.195,0.725,0.256,0.234,0.242,0.387,0.91,0.215,0.201,0.334,1.296,0.298,0.256,0.622,1.902,0.629,0.631,1.853,1.808,0.585,0.543,0.511,0.386,1.197,0.676,0.727,0.71,0.676,1.703,0.74,0.55,0.651,0.545,1.251,0.737,0.678,1.047,2.005,0.875,0.668,0.74,0.585,1.002,0.391,0.324
Reading.RX07000331,0.07,0.068,0.066,0.066,0.066,0.115,0.436,0.101,0.07,0.091,0.136,0.058,0.652,0.101,0.333,0.06,0.067,0.065,0.065,0.57,0.107,0.094,0.067,0.08,0.071,0.071,0.067,0.067,0.067,0.26,0.067,0.067,0.067,0.134,0.363,0.113,0.245,0.138,0.575,0.117,0.153,0.285,0.725,0.082,0.069,0.069,0.067,0.067
Reading.RX07000337,0.308,0.366,0.214,0.214,0.358,0.533,0.232,0.29,0.168,0.24,0.308,0.322,0.218,0.336,0.25,0.304,0.585,0.184,0.256,0.226,0.282,0.455,0.513,0.453,0.517,0.402,0.461,0.434,0.819,0.469,0.426,0.402,0.467,0.565,0.519,0.406,0.436,0.368,0.404,0.679,0.547,0.739,0.627,0.537,0.465,0.453,0.332,0.312
Reading.RX07000338,0.632,0.178,0.308,0.336,0.587,0.298,0.174,0.166,0.201,0.17,1.618,0.889,0.718,0.532,0.682,0.179,0.269,0.249,0.609,0.263,0.281,0.267,0.257,0.368,0.788,0.394,0.378,0.259,0.306,0.287,0.257,0.603,0.607,0.521,0.921,0.772,1.602,0.856,1.413,1.295,0.589,0.308,0.941,0.412,0.249,0.209,0.285,0.643
Reading.RX07000372,0.142,0.134,0.148,0.142,0.179,0.199,0.173,0.196,0.173,0.19,0.476,0.856,1.361,0.652,0.176,0.179,0.185,0.17,0.193,0.167,0.187,0.196,0.274,0.228,0.196,0.193,0.176,0.179,0.193,0.19,0.173,0.337,0.683,0.744,0.372,0.467,0.453,0.45,0.444,0.435,0.461,0.58,1.05,0.943,0.649,0.254,0.242,0.259
Reading.RX07000391,0.069,0.066,0.066,0.057,0.057,0.069,0.069,0.069,0.066,0.066,0.064,0.783,0.057,0.062,0.064,0.073,0.2,0.849,0.094,0.097,0.212,0.137,0.097,0.08,0.094,0.092,0.103,0.109,0.089,0.092,0.881,0.112,0.1,1.416,0.489,1.287,0.169,0.154,0.443,0.329,1.004,0.249,0.086,0.086,0.089,0.089,0.561,0.177
Reading.RX07000400,0.736,0.076,0.076,0.08,0.08,0.137,0.111,0.097,0.084,0.074,0.084,0.074,0.778,1.154,0.881,1.016,0.1,0.124,0.096,0.094,0.08,0.775,0.067,0.082,0.067,0.082,0.071,0.077,0.08,0.069,0.231,0.408,2.211,0.422,0.665,1.714,2.432,0.439,0.9,1.485,1.852,0.885,1.375,0.736,0.237,0.214,0.169,0.063
Reading.RX07000404,0.063,0.046,0.038,0.057,0.055,0.04,0.522,0.055,0.051,0.036,0.05,0.055,0.048,0.046,0.055,0.055,0.759,0.082,0.03,0.056,0.048,0.028,0.517,0.048,0.038,0.068,0.074,0.074,0.038,0.058,0.05,0.046,0.08,0.527,0.1,0.072,0.076,0.096,0.068,0.082,0.096,0.068,0.08,0.096,0.066,0.557,0.092,0.068
Reading.RX07000422,0.054,0.074,0.066,0.046,0.074,0.064,0.038,0.074,0.064,0.036,0.076,0.07,0.132,0.146,0.392,0.182,0.107,0.083,0.046,0.075,0.058,0.989,0.075,0.276,0.175,0.131,0.103,0.135,0.119,0.109,0.117,0.103,0.123,0.119,0.097,0.294,0.272,0.159,0.222,0.236,0.264,0.324,0.348,1.212,0.699,0.956,0.083,0.056
Reading.RX07000429,0.31,0.248,0.212,0.668,0.234,0.291,0.283,0.281,0.667,0.232,1.806,2.337,0.97,0.74,0.549,0.531,0.293,0.498,0.297,0.229,0.286,0.327,0.757,0.329,0.322,0.322,0.333,0.316,0.229,0.242,0.314,0.793,0.333,0.56,1.048,0.963,1.003,1.839,0.469,1.224,1.833,0.581,0.503,0.897,0.403,0.329,0.265,0.235
Reading.RX07000440,0.158,0.084,0.174,0.146,0.077,0.13,0.12,0.075,0.151,0.089,0.088,0.144,0.084,0.507,0.13,0.186,0.181,0.119,1.055,1.033,0.794,0.104,0.305,0.17,0.615,0.281,0.162,0.212,0.157,0.179,0.301,0.193,0.195,0.617,0.644,0.445,0.252,0.433,0.615,0.257,0.287,0.288,0.579,0.292,0.21,0.173,0.181,0.133
Reading.RX07000445,0.274,0.274,0.282,0.26,0.106,0.136,0.103,0.118,0.113,0.139,0.187,0.674,0.183,0.161,0.91,0.166,0.774,1.314,0.307,0.127,0.102,0.098,0.077,0.1,0.272,0.199,0.107,0.117,0.168,0.409,0.643,0.275,0.241,0.288,0.88,0.406,0.279,0.376,0.857,0.346,0.322,0.299,0.293,0.206,0.278,0.118,0.111,0.132
Reading.RX07000449,0.114,0.046,0.124,0.102,0.1,0.047,0.08,0.166,0.119,0.104,0.143,1.092,0.293,0.256,0.166,0.094,0.129,0.104,1.641,1.283,0.322,0.203,0.203,0.193,0.137,0.197,0.17,0.104,0.861,0.606,0.297,0.525,0.281,0.723,0.16,0.176,0.711,0.447,0.268,0.291,0.258,0.285,0.27,0.066,0.461,0.424,0.139,0.184
Reading.RX07000460,0.164,0.196,0.162,0.198,0.158,0.695,0.15,0.119,0.115,0.156,0.093,0.28,0.198,0.786,0.109,0.269,0.128,0.187,0.239,0.643,0.632,1.852,0.806,0.415,0.547,0.478,0.986,0.31,0.252,0.252,0.187,0.213,0.284,0.202,1.042,0.332,0.324,2.301,0.623,0.421,0.436,0.304,0.276,0.258,0.276,0.304,0.217,0.304
Reading.RX07000478,0.134,0.132,0.132,0.132,0.14,0.138,0.136,0.221,0.172,0.144,0.142,0.168,0.172,0.233,0.728,0.318,0.268,0.265,0.261,0.257,0.257,0.152,0.186,0.169,0.156,0.133,0.171,0.143,0.139,0.15,0.167,0.156,0.131,0.158,0.188,0.25,0.373,0.4,0.443,0.462,0.398,0.248,0.201,0.191,0.188,0.186,0.188,0.186
Reading.RX07000484,0.088,0.088,0.088,0.086,0.54,0.086,0.093,0.102,0.781,0.431,0.795,0.325,0.107,0.619,0.151,0.137,0.137,0.07,0.492,0.086,0.065,0.074,0.086,0.063,0.262,0.352,0.065,0.09,0.072,0.081,0.086,0.575,0.114,0.146,0.195,0.107,0.153,0.705,0.988,0.134,0.109,0.107,0.51,0.109,0.093,0.151,0.095,0.074
Reading.RX07000494,0.11,0.104,0.102,0.034,0.113,0.132,0.049,0.089,0.872,0.043,0.073,0.135,0.443,0.221,0.148,0.154,0.049,0.121,0.119,0.043,0.097,0.13,0.24,0.623,0.259,0.151,0.148,0.143,0.132,0.146,0.092,0.418,0.486,0.238,0.148,0.173,0.243,0.532,0.726,0.238,0.162,0.049,0.094,0.14,0.078,0.062,0.148,0.094
Reading.RX07000497,0.1,0.112,0.092,0.112,0.785,0.102,0.107,0.095,0.105,1.177,2.022,2.389,2.189,0.76,0.365,0.06,0.04,0.08,0.042,0.077,0.06,0.06,0.095,0.102,0.122,0.067,0.077,0.087,0.085,0.082,1.147,0.852,0.38,0.847,0.335,0.43,0.487,0.14,0.26,1.487,2.259,0.66,0.617,0.117,0.095,0.115,0.102,0.105
Reading.RX07000505,0.136,0.104,0.134,0.106,0.13,0.108,0.12,0.19,0.14,0.136,0.114,0.25,0.282,0.188,0.506,0.228,0.548,0.214,0.248,0.376,0.126,0.138,0.168,0.154,0.132,0.232,0.156,0.216,0.193,0.265,0.3,0.212,0.184,0.202,0.202,0.281,0.244,0.219,0.258,0.23,0.468,0.295,0.337,0.226,0.228,0.226,0.17,0.216
Reading.RX07000517,0.066,0.103,0.098,0.083,0.192,0.098,0.053,0.1,0.087,0.115,0.179,0.064,0.085,0.207,0.231,0.098,0.248,0.128,0.207,0.096,0.094,0.205,0.043,0.096,0.228,0.096,0.094,0.058,0.203,0.096,0.096,0.301,0.555,0.327,0.212,0.12,0.188,0.182,0.094,0.604,0.299,0.267,0.269,0.276,0.158,0.171,0.038,0.184
Reading.RX07000548,0.108,0.106,0.108,0.104,0.1,0.098,0.108,0.1,0.096,0.088,0.184,0.17,0.086,0.06,0.074,0.052,0.264,0.244,0.22,0.102,0.42,0.942,1.288,1.028,0.35,0.236,0.13,0.7,0.068,0.274,0.282,0.586,0.186,0.994,0.446,0.85,1.034,0.828,0.794,0.268,0.272,0.206,0.098,0.08,0.08,0.084,0.09,0.082
Reading.RX07000562,0.078,0.1,0.127,0.161,0.119,0.117,0.112,0.959,0.083,0.075,0.083,0.112,0.783,1.54,0.134,0.124,0.117,0.1,0.144,0.684,0.394,0.122,0.095,0.144,0.144,0.08,0.136,0.146,0.075,0.146,0.146,0.124,0.105,0.146,0.421,1.331,0.888,1.231,0.346,0.355,1.718,1.504,1.389,2.165,0.258,0.141,0.141,0.119
Reading.RX07000575,0.074,0.084,0.09,0.066,0.094,0.064,0.088,0.084,0.072,0.142,0.344,0.2,0.424,0.164,0.154,0.232,0.146,0.176,0.058,0.086,0.052,0.082,0.07,0.064,0.094,0.164,0.224,0.174,0.03,0.032,0.134,0.415,0.784,0.23,0.116,0.101,0.135,0.663,0.539,0.318,0.12,0.12,0.055,0.032,0.014,0.049,0.031,0.044
Reading.RX07000583,0.475,0.262,0.386,0.314,0.281,0.466,0.23,0.285,0.435,0.481,2.307,1.826,1.764,0.76,0.629,0.606,0.285,0.587,0.637,0.758,0.502,0.568,0.498,0.568,0.678,0.578,0.405,0.545,0.344,0.549,0.452,0.526,1.302,0.92,0.905,0.732,0.561,0.711,0.53,1.615,0.796,0.492,0.308,0.479,0.281,0.426,0.376,0.3
Reading.RX07000589,0.155,0.153,0.136,0.15,0.094,0.087,0.092,0.096,0.085,0.103,0.082,0.183,0.146,0.214,0.216,0.073,0.122,0.089,0.094,0.073,0.162,0.63,0.157,0.118,0.08,0.122,0.082,0.087,0.108,0.125,0.291,0.132,0.228,0.404,0.731,0.409,0.31,0.244,0.263,0.284,0.341,0.28,0.348,0.317,0.418,0.122,0.118,0.127
Reading.RX07000616,0.189,0.296,0.329,0.217,0.215,0.215,0.148,0.105,0.276,0.249,1.172,1.134,1.278,0.489,0.546,0.333,0.164,0.124,0.412,0.168,0.097,0.065,0.079,0.552,0.347,0.162,0.118,0.075,0.075,0.207,0.251,0.227,0.199,0.74,0.84,1.685,0.651,0.197,1.482,0.466,1.231,2.225,1.166,0.205,0.446,0.253,0.225,0.205
Reading.RX07000623,0.106,0.79,0.156,0.096,0.152,0.118,0.123,0.157,0.15,0.096,0.339,1.283,0.209,0.12,0.356,0.213,1.852,0.429,1.607,0.29,0.64,0.842,0.277,0.137,0.169,0.11,0.147,0.159,0.177,0.206,1.065,0.272,0.218,0.179,0.272,0.248,0.292,0.282,0.434,0.319,1.732,0.245,0.184,0.155,0.15,0.223,0.177,0.169
Reading.RX07000633,0.052,0.114,0.082,0.078,0.119,0.129,0.113,0.138,0.094,0.151,0.088,0.373,0.389,0.122,0.11,0.11,0.11,0.113,0.107,0.125,0.097,0.078,0.157,0.094,0.132,0.103,0.125,0.132,0.094,0.16,0.063,0.172,0.094,0.135,0.213,0.207,0.248,0.185,0.31,0.367,0.226,0.16,0.201,0.179,0.113,0.185,0.066,0.116
Reading.RX07000664,0.406,0.368,0.412,0.356,0.394,0.69,0.374,0.36,0.334,0.356,0.372,0.798,0.312,0.352,0.296,0.394,0.414,0.426,1.028,0.286,0.686,0.27,0.208,0.274,0.606,0.214,0.262,0.254,0.222,0.27,0.584,0.224,0.272,0.232,0.248,0.34,0.77,0.666,0.562,0.608,1.138,1.124,0.486,0.542,0.84,0.398,0.462,0.432
Reading.RX07000669,0.312,0.332,0.278,0.284,0.278,0.26,0.264,0.24,0.218,0.224,0.192,0.248,1.464,0.964,0.79,0.256,0.288,0.214,0.278,0.26,0.27,0.276,0.254,0.294,0.308,0.316,0.258,0.296,0.258,0.226,0.218,0.226,0.246,0.214,0.324,0.352,0.736,0.852,0.644,1.69,1.508,0.546,0.476,0.42,0.396,0.884,0.808,0.546
Reading.RX07000670,0.13,0.154,0.144,0.136,0.148,0.132,0.15,0.126,0.144,0.672,0.14,0.14,1.516,1.512,0.15,0.174,0.124,1.074,0.468,0.678,0.672,0.104,0.126,0.142,0.218,0.488,0.322,0.236,0.23,0.266,0.146,0.208,0.196,0.724,0.196,0.398,0.462,0.174,0.208,0.238,0.642,0.3,0.25,0.146,0.142,0.126,0.108,0.138
Reading.RX07000680,0.112,0.106,0.108,0.108,0.124,0.1,0.112,0.1,0.096,0.112,0.088,0.12,0.096,3.081,1.481,0.112,0.082,0.082,0.078,0.058,0.085,0.058,0.074,0.074,0.062,0.085,0.058,0.085,0.062,0.082,0.07,0.078,0.074,1.514,0.085,0.066,0.097,0.062,0.159,0.202,0.217,0.21,0.586,0.229,0.217,0.225,0.198,0.233
Reading.RX07000683,0.084,0.092,0.064,0.122,0.116,0.086,0.108,0.127,0.061,0.185,0.086,0.466,0.615,0.458,0.168,0.041,0.05,0.137,0.137,0.132,0.13,0.127,0.061,0.089,0.105,0.048,0.13,0.084,0.073,0.13,0.127,0.08,0.2,0.332,0.109,0.127,0.18,0.275,0.528,0.619,0.419,0.526,0.558,0.508,0.289,0.141,0.137,0.134
Reading.RX07000692,0.452,0.242,0.228,0.232,0.197,0.182,0.197,0.186,0.577,0.194,0.895,1.778,1.824,1.851,1.671,0.998,0.224,1.489,1.696,1.274,0.234,0.312,0.661,0.094,0.755,0.115,0.1,0.663,0.148,0.178,0.723,1.434,1.694,1.698,0.638,0.155,0.272,0.195,0.669,0.318,0.218,0.228,0.215,0.234,0.845,0.339,0.23,0.22
Reading.RX07000698,0.204,0.212,0.102,0.115,0.183,1.06,0.078,0.131,0.175,0.12,0.081,0.167,0.178,0.086,0.099,0.175,0.253,0.154,0.629,0.193,0.122,0.173,0.431,0.15,0.606,0.357,0.515,0.888,0.236,0.104,0.162,0.281,1.334,1.031,0.798,0.623,0.373,0.466,0.322,0.661,0.832,0.408,0.474,1.078,0.177,0.14,0.135,0.074
Reading.RX07000703,0.13,0.2,0.138,0.354,0.135,0.094,0.291,0.121,0.108,0.103,0.128,0.25,0.474,0.256,0.576,0.327,0.316,0.101,0.096,0.325,0.097,0.607,1.296,0.099,0.368,0.227,0.306,0.195,0.142,0.508,0.207,0.277,0.256,1.246,0.568,0.306,0.98,0.486,0.224,0.511,1.421,0.316,0.332,0.38,0.164,0.313,1.065,1.024
Reading.RX07000714,0.066,0.09,0.098,0.072,0.089,0.149,0.071,0.098,0.08,0.067,0.096,0.055,0.158,0.115,0.267,0.626,0.099,0.713,0.174,0.138,0.077,0.106,0.255,0.172,0.13,0.156,0.11,0.64,0.598,0.627,0.6,0.537,1.265,1.415,0.541,0.572,0.178,0.072,0.172,0.227,0.391,0.469,0.202,0.171,0.105,0.092,0.145,0.158
Reading.RX07000715,0.351,0.354,0.349,0.323,0.438,0.15,0.541,0.36,0.267,2.271,0.376,2.031,0.272,0.245,0.362,0.663,0.363,0.375,0.358,0.137,0.366,0.358,0.356,0.334,0.149,0.366,0.371,0.353,0.361,0.176,0.814,0.595,0.558,1.246,1.263,1.17,0.483,0.873,0.726,0.736,0.712,0.702,0.541,0.273,0.466,0.5,0.339,0.271
Reading.RX07000726,0.304,0.272,0.25,0.25,0.398,0.31,0.318,0.321,0.492,0.368,0.25,0.297,0.519,0.498,0.449,0.355,0.305,0.318,0.308,0.373,0.318,0.321,0.37,0.378,0.36,0.316,0.37,0.38,0.365,0.331,0.367,0.365,0.362,0.375,0.3,0.357,0.417,0.414,0.466,0.629,0.732,0.686,0.665,0.644,0.585,0.422,0.347,0.411
Reading.RX07000735,0.06,0.116,0.072,0.1,0.086,0.084,0.09,0.076,0.092,0.08,0.09,0.078,0.4,1.048,0.112,0.132,0.44,0.51,0.182,1.348,1.076,0.2,0.898,0.112,0.144,0.692,0.092,0.178,0.092,0.114,0.096,0.152,0.136,0.802,0.44,0.146,0.152,0.206,0.152,0.776,0.19,0.174,0.168,0.144,0.194,0.1,0.09,0.578
Reading.RX07000756,0.235,0.198,0.147,0.227,0.169,0.22,0.167,0.222,0.185,0.31,1.32,1.774,0.363,0.141,0.145,0.22,0.062,0.104,0.069,0.097,0.075,0.09,0.08,0.084,0.09,0.075,0.102,0.105,0.144,0.097,0.151,0.094,0.285,0.522,0.398,0.939,1.031,0.611,0.557,0.412,0.365,0.356,0.996,0.882,0.433,0.281,0.114,0.136
Reading.RX07000768,0.527,0.158,0.107,0.05,0.147,0.113,0.051,0.139,0.109,0.059,0.133,0.98,1.272,1.842,0.36,0.061,0.162,0.078,0.04,0.143,0.691,0.086,0.155,0.162,0.088,0.126,0.162,0.137,0.086,0.155,0.16,0.181,0.479,1.343,0.462,0.275,1.128,0.321,0.261,0.288,0.225,0.2,0.126,0.679,0.204,0.132,0.13,0.191
Reading.RX07000771,0.066,0.082,0.082,0.064,0.074,0.141,0.138,0.085,0.093,0.642,0.064,0.093,0.289,0.164,0.652,0.103,0.146,0.452,0.057,0.074,0.078,0.067,0.059,0.202,0.165,0.148,0.133,0.139,0.598,0.122,0.128,0.141,0.139,0.685,0.598,1.394,0.839,0.428,1.326,0.213,0.443,0.113,0.085,0.348,0.185,0.07,0.098,0.133
Reading.RX07000775,0.064,0.054,0.066,0.052,0.052,0.042,0.055,0.042,0.053,0.04,0.13,0.069,0.35,0.229,0.066,0.05,0.088,0.055,0.117,0.066,0.042,0.049,0.114,0.073,0.068,0.056,0.075,0.154,0.091,0.079,0.121,0.194,0.071,0.164,0.111,0.108,0.073,0.423,0.219,0.238,0.299,0.225,0.094,0.321,0.363,0.39,0.052,0.059
Reading.RX07000782,0.102,0.098,0.326,0.104,0.182,0.073,0.069,0.08,0.081,0.076,0.08,0.464,0.34,0.338,1.32,0.826,0.159,0.607,0.129,0.341,0.678,0.246,0.081,0.326,0.377,0.437,0.175,0.262,0.32,0.437,0.147,0.338,0.202,0.52,0.621,0.74,0.111,0.331,0.269,0.209,1.012,0.423,0.17,0.37,0.085,0.092,0.073,0.299
Reading.RX07000814,0.059,0.05,0.057,0.059,0.091,0.048,0.048,0.057,0.057,0.13,0.08,0.057,0.048,0.059,0.064,0.059,0.064,0.059,0.064,0.197,0.103,0.059,0.053,0.053,0.064,0.062,0.057,0.053,0.055,0.062,0.082,0.087,0.082,0.082,0.08,0.075,0.082,0.078,0.069,0.135,0.201,0.206,0.29,0.236,0.194,0.128,0.073,0.089
Reading.RX07000830,0.12,0.138,0.064,0.06,0.402,0.374,0.165,0.158,0.33,0.395,0.151,0.158,0.295,0.417,0.194,0.158,0.23,0.424,0.244,0.496,0.496,0.438,0.273,0.158,0.201,0.431,0.345,0.151,0.158,0.445,0.409,0.187,0.158,0.374,0.417,0.374,0.158,0.165,0.445,0.402,0.215,0.158,0.295,0.424,0.287,0.158,0.18,0.431
Reading.RX07000838,0.06,0.056,0.056,0.056,0.054,0.548,0.476,0.062,0.06,0.092,0.088,0.06,0.058,0.058,0.056,0.182,0.066,0.064,0.066,0.064,0.064,0.066,0.066,0.066,0.066,0.066,0.07,0.07,0.07,0.07,0.083,1.323,0.212,0.354,0.322,0.221,0.204,0.276,0.986,0.261,0.337,0.229,0.189,0.153,0.064,0.055,0.07,0.072
Reading.RX07000865,0.24,0.236,0.148,0.22,0.268,0.31,0.238,0.23,0.23,0.23,0.218,0.642,1.704,0.24,0.186,0.172,0.756,0.292,0.156,0.2,0.224,0.214,0.192,0.15,0.226,0.228,0.222,0.216,0.22,0.738,0.18,0.226,0.218,0.304,0.258,0.236,0.24,0.236,0.238,0.236,0.252,0.252,0.24,0.234,0.2,0.588,0.444,0.222
Reading.RX07000872,0.112,0.166,0.064,0.09,0.15,0.08,0.108,0.166,0.31,0.414,0.146,0.066,0.122,0.082,0.076,0.124,0.068,0.118,0.1,0.112,0.062,0.16,0.156,0.192,0.868,0.322,0.134,0.086,0.084,0.132,0.07,0.112,0.26,0.188,0.212,0.264,0.208,0.25,0.24,0.7,0.478,0.53,0.78,0.23,0.116,0.068,0.138,0.054
Reading.RX07000884,0.33,0.194,0.328,0.23,0.308,0.224,0.3,0.252,0.27,0.32,0.21,0.468,2.116,2.33,1.696,0.314,0.397,0.512,0.71,0.301,1.134,0.338,0.356,0.745,0.448,0.385,0.297,0.336,0.34,0.395,0.45,0.397,0.44,1.083,0.45,0.368,0.807,0.764,1.801,2.133,0.839,0.907,1.253,1.335,0.366,0.36,0.268,0.285
Reading.RX07000901,0.128,0.036,0.034,0.126,0.052,0.036,0.034,0.136,0.048,0.056,0.064,0.072,0.066,0.22,0.12,0.178,0.126,0.08,0.222,0.06,0.109,0.036,0.102,0.138,0.039,0.104,0.172,0.085,0.147,0.07,0.143,0.35,0.162,0.242,0.196,0.21,0.174,0.23,0.288,0.193,0.208,0.283,0.189,0.089,0.121,0.044,0.075,0.094
Reading.RX07000908,0.771,0.769,0.196,0.214,0.217,0.162,0.188,0.192,0.18,0.217,0.234,0.2,0.213,0.099,0.196,0.127,0.166,0.211,0.284,0.321,0.404,0.355,0.316,0.318,0.198,0.316,0.773,0.868,0.808,0.834,0.471,0.495,0.443,0.412,0.505,0.399,0.602,1.139,0.602,0.492,0.61,0.75,1.788,0.935,0.472,0.386,0.411,0.446
Reading.RX07000916,0.272,0.841,0.314,0.274,0.289,0.305,0.295,0.278,0.287,0.297,0.32,0.257,1.03,1.138,0.251,0.263,0.748,0.489,1.637,1.061,0.894,0.426,0.794,0.729,0.55,1.388,0.407,0.538,0.637,1.054,0.489,0.807,0.668,0.976,0.622,0.761,1.17,0.763,0.853,1.068,1.117,0.659,0.707,0.559,0.38,0.998,0.371,0.361
Reading.RX07000928,0.22,0.206,0.162,0.162,0.125,0.173,0.107,0.175,0.622,0.187,0.848,0.403,1.661,1.513,2.119,0.132,0.15,0.139,0.175,0.741,0.18,0.182,0.137,0.132,0.182,0.13,0.146,0.182,0.729,0.137,0.182,0.18,0.128,0.15,0.729,1.053,0.54,1.021,0.522,2.399,1.549,0.665,2.094,2.208,0.69,0.358,0.228,0.207
Reading.RX07000952,0.08,0.15,0.064,0.142,0.082,0.122,0.096,0.104,0.102,0.114,0.29,0.744,0.372,0.08,0.136,0.066,0.074,0.083,0.083,0.071,0.088,0.088,0.074,0.08,0.069,0.103,0.636,0.328,0.12,0.059,0.081,0.118,0.618,0.983,0.643,0.988,0.332,0.13,0.157,0.22,0.139,0.509,0.387,0.112,0.118,0.135,0.09,0.095
Reading.RX07000962,0.322,0.598,0.588,0.262,0.343,0.293,0.374,0.273,0.365,0.327,0.569,0.616,0.576,0.672,1.53,1.36,1.308,1.322,1.319,1.337,1.366,0.547,0.495,0.961,0.723,0.867,0.403,0.508,0.403,0.417,0.62,0.921,1.257,0.986,0.853,1.581,0.786,0.672,0.827,1.371,1.49,2.079,1.431,1.127,0.533,0.441,0.37,0.316
Reading.RX07000963,0.026,0.03,0.032,0.026,0.032,0.026,0.028,0.026,0.03,0.022,0.208,0.022,0.032,0.036,0.102,0.114,0.384,0.086,0.052,0.048,0.052,0.426,0.208,0.256,0.092,0.088,0.094,0.08,0.054,0.042,0.046,0.05,0.792,1.4,1.094,1.068,1.04,1.028,1.222,0.136,0.12,0.074,0.044,0.038,0.036,0.03,0.034,0.036
Reading.RX07000967,0.177,0.152,0.134,0.62,0.115,0.084,0.149,0.115,0.093,0.179,0.484,0.091,0.081,0.077,0.086,0.088,0.077,0.222,1.077,0.097,0.439,1.376,0.926,0.084,0.086,0.871,1.181,0.081,0.081,0.079,0.611,0.124,0.081,0.598,0.075,0.075,0.077,0.505,0.145,0.081,0.079,0.072,0.22,0.339,0.699,0.26,0.124,1.084
Reading.RX07000969,0.242,0.224,0.234,0.239,0.19,0.202,0.202,0.185,0.2,0.195,0.18,0.372,1.731,0.205,0.183,0.185,0.185,0.163,0.15,0.165,0.16,0.244,0.187,0.178,0.153,0.175,0.153,0.173,0.163,0.168,0.17,0.163,1.421,1.534,0.254,0.419,0.242,0.271,1.211,1.803,0.375,0.367,1.295,0.318,0.234,0.207,0.217,0.224
Reading.RX07000977,0.1,0.124,0.126,0.08,0.106,0.13,0.094,0.1,0.116,0.1,0.11,0.13,0.098,0.13,0.306,0.978,0.335,0.219,0.317,0.372,0.183,0.372,0.335,0.262,0.305,0.36,0.341,0.201,0.353,0.366,0.341,0.299,0.262,0.372,0.353,0.36,0.317,0.256,0.366,0.372,0.335,0.232,0.335,0.372,0.317,0.25,0.335,0.366
Reading.RX07001044,0.3,0.262,0.232,0.262,0.258,0.288,0.27,0.218,0.258,0.26,0.276,0.274,1.216,0.478,0.468,0.504,0.241,0.171,0.12,0.16,0.316,0.447,0.128,0.142,0.182,0.171,0.159,0.221,0.163,0.162,0.271,1.187,1.82,1.187,1.067,1.11,1.086,1.015,1.049,1.181,0.689,0.353,1.269,1.46,1.084,0.935,1.005,0.703
Reading.RX07001048,0.132,0.134,0.21,0.16,0.422,0.134,0.134,0.128,0.128,0.406,0.126,0.124,1.146,0.356,0.764,0.346,0.444,0.407,0.095,0.095,0.097,0.095,0.38,0.09,0.09,0.093,0.106,0.418,0.167,0.165,0.156,0.158,0.185,0.472,0.165,0.475,0.099,0.102,0.407,0.199,0.42,0.42,0.258,0.45,0.145,0.14,0.142,0.142
Reading.RX07001054,0.57,0.056,0.068,0.062,0.06,0.082,0.064,0.074,0.128,0.056,0.064,0.628,0.278,0.104,0.178,0.128,0.09,0.104,0.092,0.092,0.692,0.104,0.096,0.1,0.09,0.102,0.094,0.092,0.106,0.096,0.092,0.106,0.166,0.208,0.238,1.006,1.108,0.66,0.368,1.128,1.37,1.252,0.36,0.268,0.234,0.4,0.494,0.16
Reading.RX07001061,0.142,0.244,0.238,0.986,0.227,0.223,0.223,0.127,0.223,0.216,0.127,0.967,0.335,1.043,1.44,0.587,1.883,0.935,0.73,0.339,0.477,0.456,0.767,0.417,0.317,0.382,0.771,0.291,0.197,0.479,0.87,0.285,0.318,0.244,0.926,0.497,0.315,0.294,1.158,0.622,0.538,0.453,0.419,0.454,0.428,1.075,0.367,0.222
Reading.RX07001075,0.104,0.114,0.09,0.092,0.112,0.099,0.108,0.096,0.101,0.103,0.112,0.408,0.204,0.121,0.119,0.112,0.117,0.136,0.518,0.235,0.177,0.17,0.2,0.184,0.184,0.168,0.11,0.127,0.147,0.133,0.147,0.147,0.281,0.315,0.483,0.336,0.384,0.451,0.394,0.366,0.285,0.143,0.193,0.117,0.113,0.11,0.12,0.122
Reading.RX07001084,0.18,0.174,0.184,0.18,0.182,0.182,0.17,0.176,0.178,0.178,0.18,0.22,0.408,0.446,0.326,0.176,0.17,0.186,0.123,0.112,0.102,0.114,0.102,0.102,0.1,0.184,0.156,0.109,0.102,0.107,0.137,0.123,0.395,0.216,0.135,0.114,0.53,0.514,0.762,0.914,0.583,0.663,0.539,0.495,0.237,0.209,0.212,0.2
Reading.RX07001093,0.262,0.218,0.706,0.29,0.234,0.276,0.55,0.231,0.195,0.405,1.484,0.313,1.653,0.561,0.366,1.409,0.94,0.874,0.838,0.836,0.82,1.073,0.774,0.81,0.804,0.732,0.766,0.854,0.926,1.053,0.872,0.814,1.239,1.634,1.494,1.313,1.031,1.67,0.684,0.457,0.654,0.674,1.315,0.686,0.215,0.205,0.114,0.196
Reading.RX07001100,0.31,0.23,0.526,0.23,0.17,0.431,0.241,0.308,0.317,0.612,1.833,0.704,1.475,1.077,0.451,0.107,0.263,0.719,0.989,0.815,0.884,0.487,0.259,0.52,0.296,0.295,0.289,0.507,0.296,0.287,0.243,0.367,0.603,0.557,0.637,0.78,0.563,0.92,0.562,0.568,0.61,0.533,0.582,0.236,0.201,0.224,0.361,0.527
Reading.RX07001113,0.34,0.188,0.286,0.224,0.211,0.302,0.2,0.688,0.311,0.215,0.262,0.233,1.11,2.676,0.457,0.209,0.273,0.217,0.244,0.229,0.244,0.24,0.79,0.288,0.189,0.3,0.266,0.262,0.291,0.189,0.317,0.328,0.375,0.395,0.277,0.257,1.678,1.844,2.383,1.165,1.567,1.278,1.234,0.968,0.661,0.604,1.032,0.548
Reading.RX07001127,0.098,0.084,0.08,0.094,0.098,0.076,0.088,0.092,0.072,0.102,0.13,0.104,0.712,0.226,0.184,0.124,0.228,0.192,0.176,0.186,0.126,0.12,0.13,0.092,0.6,0.306,0.088,0.1,0.144,0.096,0.138,0.136,0.14,0.148,0.132,0.126,0.118,0.122,1.042,0.182,0.244,0.208,0.782,0.212,0.172,0.22,0.22,0.076
Reading.RX07001168,0.128,0.138,0.142,0.14,0.152,0.154,0.146,0.129,0.097,0.127,0.321,0.475,0.397,0.541,0.691,1.018,0.967,0.883,0.245,0.135,0.141,0.146,0.146,0.129,0.089,0.106,0.137,0.106,0.135,0.243,0.23,0.232,0.237,0.272,0.988,1.915,0.325,0.37,0.577,0.75,0.83,0.707,0.583,0.541,0.253,0.16,0.15,0.106
Reading.RX07001172,0.22,0.402,0.288,0.224,0.228,0.187,0.205,0.21,0.181,0.23,0.787,1.682,1.461,0.13,0.142,0.321,0.114,0.073,0.321,0.492,0.214,0.462,0.409,0.305,0.193,0.252,0.431,0.23,0.155,0.187,0.212,0.155,1.524,1.023,0.366,0.151,0.667,1.884,0.677,0.49,0.639,1.627,0.909,0.574,0.608,0.224,0.195,0.218
Reading.RX07001211,0.302,0.164,0.2,0.158,0.162,0.206,0.154,0.16,0.2,0.138,0.232,0.52,1.978,0.732,1.486,1.456,0.194,0.174,0.136,0.182,0.75,0.366,0.188,0.238,0.19,0.17,0.108,0.15,0.47,0.336,0.27,0.178,0.218,0.722,1.1,1.152,0.912,1.254,0.522,0.57,0.352,0.332,0.212,0.172,0.518,0.256,0.138,0.2
Reading.RX07001224,0.324,0.24,0.44,0.224,0.23,0.486,0.234,0.206,0.266,0.548,0.348,0.318,0.614,0.812,0.346,0.812,0.267,0.349,0.187,0.528,0.179,0.177,0.179,0.363,0.189,0.224,0.22,0.218,0.493,0.248,0.292,0.359,0.361,0.538,0.304,0.337,0.585,2.889,1.292,0.797,0.749,1.439,1.154,1.324,1.209,1.3,0.945,0.875
Reading.RX07001226,0.112,0.264,0.08,0.072,0.471,0.329,0.304,0.233,0.292,0.315,0.322,0.581,1.384,2.149,2.215,0.586,0.784,0.255,0.229,0.247,0.814,0.366,0.175,0.166,0.191,0.338,0.282,0.457,1.031,0.828,0.054,0.052,1.52,0.318,0.674,1.771,0.749,0.983,1.177,0.231,0.219,0.231,0.427,0.147,0.315,0.688,0.166,0.177
Reading.RX07001232,0.174,0.194,0.238,0.182,0.196,0.188,0.194,0.136,0.574,0.518,0.504,0.148,0.172,0.176,0.178,0.188,0.136,0.2,0.192,0.132,0.258,0.146,0.224,0.23,0.228,0.176,0.182,0.232,0.13,0.228,0.236,0.242,0.26,0.232,0.386,0.534,0.264,0.45,0.41,0.314,0.264,0.282,0.272,0.376,0.36,0.346,0.212,0.236
Reading.RX07001235,0.15,0.106,0.074,0.128,0.12,0.148,0.148,0.05,0.128,0.246,0.272,0.244,0.358,0.138,0.128,0.142,0.144,0.108,0.082,0.218,0.134,0.148,0.128,0.124,0.144,0.13,0.186,0.1,0.168,0.08,0.182,0.116,0.21,0.114,0.182,0.668,0.274,0.368,0.408,0.328,0.364,0.466,0.382,1.048,0.662,0.1,0.154,0.138
Reading.RX07001245,0.082,0.024,0.078,0.03,0.07,0.194,0.424,0.042,0.058,0.044,0.05,0.056,0.046,0.058,0.04,0.064,0.032,0.074,0.026,0.082,0.024,0.086,0.024,0.824,0.208,0.084,0.026,0.076,0.038,0.06,0.058,0.192,0.076,0.078,0.086,0.072,0.064,0.054,0.072,0.048,0.072,0.044,0.078,0.106,0.776,0.464,0.138,0.084
Reading.RX07001248,0.31,0.248,0.246,0.204,0.222,0.236,0.202,0.226,0.232,0.2,0.23,0.226,0.216,0.476,0.648,0.932,0.676,0.206,0.202,0.588,0.794,0.538,0.29,0.208,0.196,0.186,0.206,0.176,0.176,0.204,0.182,0.18,0.294,0.212,0.19,0.232,0.46,0.54,0.526,0.542,0.508,0.498,0.548,0.528,0.554,0.562,0.478,0.48
Reading.RX07001255,0.194,0.144,0.182,0.148,0.691,0.193,0.132,0.149,0.144,0.135,0.176,0.595,1.861,0.147,0.147,0.13,0.228,0.154,0.192,0.132,0.959,0.162,0.179,0.206,0.157,0.25,0.154,0.162,0.272,0.135,0.212,0.217,0.132,0.297,1.226,0.5,1.358,0.484,1.182,1.32,0.962,1.025,0.407,0.302,0.256,0.231,0.165,0.19
Reading.RX07001260,0.276,0.182,0.312,0.224,0.679,0.289,0.153,0.214,0.169,0.184,0.244,0.216,0.278,0.348,0.697,1.057,0.164,0.206,0.107,0.211,0.175,0.938,0.24,0.206,0.107,0.206,0.234,0.237,0.24,0.237,0.232,0.229,0.128,0.162,0.404,0.305,0.297,0.333,0.422,1.461,0.44,0.435,0.534,0.339,0.258,0.336,0.224,0.313
Reading.RX07001287,0.192,0.292,0.236,0.246,0.286,0.24,0.236,0.238,0.252,0.23,0.252,0.32,0.5,0.242,0.144,0.19,0.174,0.252,0.276,0.312,0.106,0.168,0.186,0.192,0.122,0.146,0.24,0.138,0.146,0.104,0.452,0.312,0.262,0.5,0.242,0.284,0.222,0.272,0.296,0.416,0.288,0.342,0.282,0.256,0.22,0.206,0.19,0.214
Reading.RX07001291,0.24,0.302,0.146,0.162,0.204,0.162,0.195,0.096,0.193,0.181,0.117,0.254,0.547,0.413,0.899,0.944,0.371,0.397,0.387,0.216,0.251,0.251,0.242,0.195,0.298,0.43,0.239,0.256,0.322,0.418,0.423,0.343,0.336,0.312,0.404,0.615,0.711,0.549,0.54,0.58,0.387,0.505,0.641,0.606,0.359,0.242,0.136,0.169
Reading.RX07001324,0.118,0.1,0.148,0.114,0.102,0.111,0.105,0.075,0.091,0.311,0.228,0.194,0.16,0.125,0.127,0.127,0.105,0.095,0.133,0.087,0.097,0.131,0.34,0.212,0.243,0.109,0.135,0.152,0.121,0.142,0.172,0.198,0.162,0.2,0.287,0.243,0.271,0.253,0.257,0.544,0.473,0.576,0.261,0.196,0.133,0.093,0.135,0.117
Reading.RX07001327,0.406,0.258,0.586,0.534,0.266,0.312,0.774,0.27,0.238,0.787,0.281,0.223,0.447,1.924,0.993,0.978,0.942,0.347,0.834,1.558,1.671,1.639,0.761,0.974,0.959,0.238,0.768,0.4,1.552,0.415,0.304,0.389,0.736,1.035,0.653,0.565,0.774,0.825,1.165,1.225,0.548,1.482,0.689,1.14,0.342,0.851,0.308,0.631
Reading.RX07001329,0.114,0.044,0.114,0.044,0.142,0.078,0.165,0.061,0.131,0.086,0.089,0.128,0.1,0.142,0.167,0.229,0.171,0.113,0.089,0.174,0.058,0.149,0.122,0.083,0.174,0.083,0.124,0.207,0.196,0.177,0.174,0.111,1.436,0.315,1.593,0.266,0.169,0.893,1.023,0.393,0.647,0.639,0.219,0.158,0.243,0.13,0.136,0.205
Reading.RX07001331,0.074,0.118,0.122,0.096,0.072,0.082,0.07,0.054,0.066,0.3,0.944,1.06,0.896,0.672,0.81,0.196,0.062,0.07,0.054,0.066,0.058,0.454,0.068,0.284,0.276,0.068,0.07,0.062,0.074,0.188,0.132,0.562,1.702,0.814,1.47,0.294,0.204,0.532,0.226,0.194,0.646,0.206,0.186,0.182,0.16,0.116,0.08,0.076
Reading.RX07001340,0.096,0.106,0.086,0.824,0.262,0.11,0.116,0.088,0.168,1.364,1.346,0.264,0.434,0.148,0.192,0.61,0.094,0.108,0.07,0.21,0.082,0.088,0.404,0.466,0.104,0.058,0.18,0.12,0.112,0.522,0.05,0.108,0.104,0.056,0.104,0.672,0.294,1.002,0.752,1.346,0.6,1.212,0.682,0.21,0.202,0.134,0.076,0.48
Reading.RX07001345,0.072,0.132,0.114,0.11,0.058,0.104,0.108,0.054,0.104,0.094,0.06,0.108,0.072,0.314,0.112,0.172,0.054,0.185,0.112,0.11,0.239,0.278,0.187,0.217,0.185,0.144,0.196,0.265,0.159,0.187,0.29,0.79,0.465,0.136,0.273,0.191,0.133,0.191,0.153,0.191,0.228,0.166,0.178,0.142,0.058,0.107,0.121,0.101
Reading.RX07001359,0.198,0.182,0.164,0.198,0.321,0.321,0.321,0.321,0.321,0.321,0.321,0.321,0.321,0.321,0.321,0.321,0.321,0.321,0.321,0.321,0.321,0.321,0.321,0.321,0.321,0.321,0.321,0.321,0.321,0.321,0.321,0.321,0.321,0.321,0.321,0.321,0.321,0.321,0.321,0.321,0.321,0.321,0.321,0.321,0.321,0.321,0.321,0.321
Reading.RX07001376,0.14,0.112,0.11,0.484,0.125,0.118,0.118,0.116,0.083,0.12,1.017,0.247,0.68,0.655,1.881,0.614,0.325,0.87,0.162,0.109,0.111,0.088,0.094,0.104,0.081,0.431,0.09,0.109,0.182,0.187,0.208,0.577,0.228,0.295,0.265,0.367,0.789,0.378,1.258,0.757,1.557,0.706,1.401,1.186,0.851,0.53,0.249,0.199
Reading.RX07001407,0.14,0.124,0.082,0.072,0.07,0.036,0.145,0.151,0.036,0.06,0.096,0.119,0.272,0.074,0.072,1.236,0.214,0.753,0.154,0.188,0.164,0.106,0.615,0.665,0.186,0.166,0.114,0.659,0.214,0.196,0.194,0.19,0.541,0.444,0.485,0.805,0.25,0.332,0.284,0.42,0.384,0.262,0.184,0.188,0.156,0.144,0.408,0.479
Reading.RX07001411,0.144,0.38,0.142,0.144,0.142,0.288,0.098,0.088,0.082,0.28,0.078,0.074,0.194,0.326,0.3,0.084,0.374,0.368,0.364,0.136,0.306,0.154,0.306,0.082,0.308,0.13,0.282,0.162,0.082,0.274,0.082,0.25,0.806,0.43,0.096,0.42,0.132,0.404,0.4,0.724,0.538,1.052,1.31,1.278,0.96,0.132,0.226,0.24
Reading.RX07001456,0.092,0.062,0.104,0.09,0.07,0.586,0.086,0.084,0.07,0.09,0.088,0.064,0.11,0.14,0.182,0.16,0.156,1.286,1.332,1.348,1.082,0.156,0.384,0.136,0.148,0.07,0.102,0.102,0.09,0.086,0.132,0.136,0.17,0.72,0.91,0.874,0.176,1.078,0.258,0.272,0.238,0.204,0.24,0.196,0.076,0.102,0.07,0.082
Reading.RX07001499,0.14,0.14,0.142,0.14,0.165,0.144,0.201,0.209,0.184,0.117,0.065,0.136,0.329,0.773,0.069,0.111,0.161,0.159,0.126,0.06,0.839,1.64,0.186,0.149,0.607,0.494,1.716,0.894,0.743,0.469,0.665,0.406,0.582,0.186,0.209,0.31,0.197,0.191,1.081,0.302,1.343,0.257,0.937,0.804,0.829,0.199,0.159,0.081
Reading.RX07001509,0.156,0.176,0.168,0.154,0.182,0.389,0.345,0.373,0.307,0.395,0.323,0.384,0.269,0.417,0.291,0.4,0.263,0.411,0.296,0.384,0.296,0.378,0.351,0.367,0.318,0.356,0.433,0.323,0.417,0.433,0.291,0.422,0.444,0.444,0.438,0.422,0.373,0.384,0.411,0.34,0.378,0.411,0.345,0.422,0.323,0.373,0.395,0.351
Reading.RX07001524,0.19,0.226,0.868,0.26,0.258,0.225,0.287,0.305,0.245,0.227,0.283,0.859,1.977,2.286,2.938,2.178,0.241,0.817,0.364,2.273,0.945,1.341,1.82,1.142,0.4,0.599,0.25,0.612,0.294,1.239,0.422,1.042,1.217,1.16,0.643,2.405,0.417,2.491,1.157,0.493,0.729,1.171,1.009,0.833,0.347,0.89,0.42,0.23
Reading.RX07001529,0.178,0.174,0.182,0.182,0.174,1.04,0.174,0.387,0.135,0.077,0.073,0.491,0.681,0.085,0.085,0.99,0.073,0.077,0.081,0.066,0.066,0.081,0.073,0.062,0.058,0.077,0.077,0.077,0.073,0.839,0.24,0.081,0.089,0.093,0.066,0.085,0.101,0.097,2.165,1.806,0.224,1.237,0.247,0.298,0.298,0.294,0.294,0.275
Reading.RX07001532,0.26,0.31,0.524,0.572,0.259,0.261,0.311,0.305,0.278,1.583,0.362,0.213,0.783,1.655,0.399,0.32,1.266,2.275,0.632,0.317,0.306,0.268,0.236,0.293,0.244,0.279,0.241,0.32,0.258,0.437,0.664,0.746,0.906,0.781,1.998,2.394,1.114,2.961,2.072,0.637,0.553,0.765,1.527,0.618,0.64,0.664,0.708,2.636
Reading.RX07001535,0.272,0.35,0.526,0.34,0.297,0.277,0.318,0.271,0.271,0.288,0.295,0.821,0.598,0.476,0.275,0.284,0.251,0.253,0.23,0.282,0.27,0.268,0.324,0.632,0.253,0.301,0.627,0.486,0.277,0.308,0.26,0.721,0.601,0.27,0.301,0.273,1.029,1.799,1.345,0.603,1.716,0.47,0.47,0.42,0.481,0.319,0.361,0.305
Reading.RX07001536,0.059,0.045,0.08,0.025,0.091,0.03,0.073,0.045,0.064,0.048,0.059,0.052,0.045,0.747,0.632,0.477,0.068,0.087,0.076,0.074,0.466,0.205,0.07,0.257,0.348,0.311,0.22,0.031,0.305,0.492,0.035,0.054,0.072,0.048,0.104,0.104,1.322,0.177,0.557,0.166,0.137,0.102,0.08,0.351,0.246,0.163,0.198,0.05
Reading.RX07001558,0.248,0.208,0.214,0.23,0.252,0.134,0.156,0.202,0.344,0.646,0.714,0.398,1.09,0.736,0.438,0.422,0.262,0.2,0.144,0.174,0.278,0.318,0.272,0.286,0.268,0.428,0.302,0.222,0.208,0.258,0.254,0.26,0.304,1.194,1.436,0.714,0.578,0.502,0.606,0.62,0.682,0.796,0.49,0.328,0.488,0.412,0.382,0.19
Reading.RX07001574,0.202,0.206,0.206,0.188,0.2,0.17,0.204,0.188,0.204,0.394,0.576,0.6,0.576,0.326,0.218,0.166,0.21,0.174,0.208,0.184,0.202,0.188,0.204,0.346,0.256,0.23,0.206,0.222,0.156,0.248,0.176,0.208,0.182,0.294,0.736,0.914,0.516,0.814,1.056,0.984,0.702,0.694,0.472,0.372,0.238,0.176,0.204,0.172
Reading.RX07001832,0.306,0.358,0.314,0.34,0.344,0.308,0.342,0.338,0.296,0.32,0.328,0.316,0.758,1.208,0.28,0.224,0.19,0.16,0.204,0.284,0.274,0.834,1.644,0.588,0.368,0.286,0.198,0.252,0.274,0.202,0.242,0.234,0.616,2.488,0.66,0.732,0.794,0.876,0.772,1.902,0.818,0.694,2.4,2.892,1.618,0.28,0.28,0.26
Reading.RX07001838,0.174,0.51,0.158,0.158,0.17,0.174,0.158,0.162,0.162,0.194,1.288,0.948,1.508,1.36,1.33,0.294,0.169,0.192,0.72,1.182,1.361,0.388,0.135,0.135,0.117,0.124,0.526,0.138,0.133,0.126,0.131,0.368,0.237,0.478,0.745,0.176,0.695,0.174,0.178,0.273,0.318,0.343,0.711,0.363,0.248,0.521,0.181,0.176
Reading.RX07001841,0.144,0.116,0.114,0.154,0.118,0.137,0.12,0.406,0.366,0.131,0.107,0.12,0.326,0.705,1.653,0.571,0.587,0.992,1.685,0.196,0.158,0.202,0.145,0.185,0.147,0.716,0.179,0.529,0.192,0.198,0.24,0.202,0.238,1.765,0.844,0.244,0.28,0.756,0.288,1.12,0.971,1.489,0.301,0.154,0.337,0.476,0.126,0.137
Reading.RX07001865,0.164,0.226,0.734,0.166,0.168,0.219,0.171,0.243,0.169,0.237,0.169,1.24,2.284,0.268,0.183,0.18,0.149,0.775,0.216,0.239,0.187,0.216,0.187,0.214,0.216,0.618,0.413,0.264,0.151,0.185,0.149,0.189,0.476,0.812,0.467,0.62,0.541,0.467,0.64,0.913,0.55,0.295,0.568,0.555,0.239,0.257,0.237,0.225
Reading.RX07001867,0.158,0.184,0.13,0.12,0.166,0.18,0.138,0.114,0.14,0.188,0.272,0.094,0.314,0.206,0.266,0.166,0.14,0.152,0.156,0.122,0.094,0.158,0.698,0.51,0.474,0.186,0.148,0.182,0.206,0.198,0.212,0.202,0.162,0.536,0.334,0.232,0.218,0.19,0.286,0.236,0.256,0.216,0.176,0.146,0.162,0.158,0.106,0.1
Reading.RX07001893,0.096,0.104,0.08,0.086,0.102,0.094,0.078,0.082,0.098,0.094,0.144,0.2,0.478,0.138,0.21,0.186,0.124,0.14,0.09,0.152,0.26,0.12,0.132,0.102,0.12,0.102,0.092,0.14,0.14,0.276,0.262,0.236,0.166,0.16,0.14,0.172,0.114,0.134,0.176,0.126,0.158,0.174,0.246,0.234,0.16,0.088,0.098,0.092
Reading.RX07001907,1.349,0.796,0.717,0.436,0.223,0.287,0.266,0.097,0.143,0.215,0.148,0.07,0.468,0.241,0.271,0.296,0.314,0.271,0.675,0.245,0.28,0.247,0.524,0.518,0.368,0.428,0.228,0.241,0.319,0.124,0.395,0.215,0.276,1.062,0.898,0.97,1.507,1.126,0.959,1.335,1.505,1.238,0.924,0.5,0.844,0.387,0.268,0.25
Reading.RX07001910,0.556,0.096,0.133,0.122,0.099,0.119,0.112,0.117,0.558,0.112,0.115,0.824,2.085,1.116,0.124,0.133,0.624,0.103,0.117,0.11,0.124,0.094,0.549,0.117,0.101,0.129,0.11,0.112,0.129,0.096,0.572,0.124,0.11,0.275,1.194,0.588,1.07,0.22,0.282,0.253,0.691,0.223,0.28,0.255,0.101,0.117,0.459,0.191
Reading.RX07001935,0.148,0.154,0.148,0.154,0.131,0.142,0.124,0.14,0.131,0.129,0.138,0.126,0.133,0.136,0.122,0.135,0.131,0.124,0.14,0.128,0.131,0.14,0.801,0.136,0.136,0.126,0.142,0.131,0.133,0.162,0.212,0.167,0.165,0.165,0.163,0.314,1.642,0.296,0.156,0.156,0.158,0.158,0.158,0.158,0.16,0.158,0.48,0.433
Reading.RX07001945,0.202,0.258,0.236,0.262,0.222,0.178,0.23,0.252,0.166,0.19,0.258,0.234,0.222,0.406,0.36,0.248,0.362,0.758,0.844,1.228,0.288,0.212,0.178,0.238,0.212,0.172,0.202,0.326,0.272,0.236,0.248,0.202,0.208,0.316,0.344,0.348,0.488,0.376,0.474,0.592,0.544,0.362,0.294,0.31,0.21,0.174,0.208,0.23
Reading.RX07001951,1.444,0.122,0.1,0.08,0.15,0.058,0.13,0.092,0.094,0.104,0.148,0.156,0.394,0.29,0.352,0.21,0.182,0.09,0.154,0.1,0.142,0.126,0.116,0.144,0.134,0.12,0.306,0.7,0.328,0.584,0.77,0.434,0.418,0.97,0.7,0.226,0.294,0.328,0.646,0.558,0.428,0.402,0.458,0.898,1.6,1.59,1.614,1.562
Reading.RX07001961,0.25,0.306,0.274,0.896,0.288,0.324,0.294,0.26,0.278,1.578,1.884,1.688,0.718,0.69,0.326,0.276,0.254,0.712,0.313,0.259,0.238,0.279,0.25,0.261,0.254,0.286,0.23,0.298,0.252,0.271,0.265,0.284,0.265,1.041,1.231,1.889,1.724,1.271,0.764,1.773,0.987,0.851,1.293,0.286,0.3,0.288,0.3,0.778
Reading.RX07001966,0.558,0.156,0.164,0.094,0.037,0.121,0.053,0.077,0.104,0.153,0.486,0.083,0.086,1.063,1.255,1.186,1.277,1.229,0.085,0.124,0.089,0.107,0.12,1.066,0.56,0.725,1.151,0.566,0.795,1.37,0.673,0.395,0.831,0.696,1.863,0.651,1.196,0.983,0.24,0.349,0.285,0.246,0.723,0.649,0.182,0.209,0.107,0.219
Reading.RX07001974,0.172,0.212,0.154,0.224,0.209,0.249,0.236,0.236,0.234,0.241,0.23,0.352,0.341,0.333,0.358,0.312,0.437,0.257,0.28,0.251,0.224,0.213,0.278,0.358,0.272,0.226,0.228,0.228,0.226,0.226,0.226,0.228,0.224,0.236,0.255,0.356,0.747,0.49,0.362,0.504,0.496,0.682,0.644,0.515,0.745,0.544,0.282,0.241
Reading.RX07002001,0.254,0.244,0.176,0.254,0.192,0.215,0.183,0.215,0.187,0.276,0.34,0.423,0.615,0.352,0.146,0.149,0.389,0.275,0.335,0.318,0.344,0.21,0.27,0.246,0.452,0.354,0.315,0.208,0.28,0.244,0.452,0.289,0.239,0.265,0.292,0.26,0.268,0.411,0.521,0.621,0.652,0.533,0.509,0.394,0.624,0.375,0.406,0.308
Reading.RX07002014,0.152,0.202,0.212,0.174,0.237,0.207,0.211,0.213,0.253,0.328,0.231,0.211,0.48,0.47,0.45,0.492,0.245,0.276,0.233,0.215,0.28,0.259,0.217,0.249,0.278,0.229,0.219,0.278,0.266,0.247,0.371,0.476,0.472,0.494,0.456,0.373,0.371,0.48,0.488,0.486,0.176,0.205,0.201,0.152,0.16,0.209,0.186,0.154
Reading.RX07002018,0.092,0.092,0.09,0.07,0.08,0.078,0.078,0.067,0.069,0.078,0.076,0.072,0.063,0.237,0.078,0.078,0.201,0.267,0.301,0.199,0.193,0.086,0.085,0.198,0.136,0.137,0.093,0.065,0.093,0.114,0.065,0.07,0.236,0.639,0.086,0.119,0.297,0.327,0.184,0.147,0.148,0.141,0.222,0.08,0.077,0.074,0.073,0.07
Reading.RX07002029,0.092,0.059,0.057,0.435,0.092,0.071,0.044,0.094,0.092,0.471,0.094,0.125,0.349,0.209,0.528,0.186,0.145,0.135,0.445,0.132,0.22,0.343,0.286,0.341,0.414,0.255,0.164,0.141,0.138,0.266,0.974,0.218,1.449,0.814,0.306,0.786,0.731,0.158,0.214,0.35,0.414,0.187,0.179,1.211,0.11,0.092,0.151,0.369
Reading.RX07002033,0.218,0.155,0.18,0.193,0.161,0.201,0.57,0.147,0.142,0.172,0.174,0.385,1.887,0.276,0.32,0.836,1.212,0.948,0.235,0.201,0.487,0.21,0.268,0.197,0.222,0.596,0.252,0.235,0.306,0.336,0.377,0.262,0.327,1.111,1.885,0.732,0.705,0.528,0.778,0.52,0.598,0.149,0.075,0.201,0.677,0.187,0.149,0.122
Reading.RX07002042,0.357,1.177,0.327,0.327,0.301,0.313,0.79,0.769,0.324,0.368,0.739,1.434,3.185,0.922,0.373,1.684,0.34,0.308,0.388,0.776,0.903,0.303,0.3,0.298,0.295,0.295,0.298,0.298,0.298,0.906,1.56,0.446,0.444,0.781,0.569,0.606,0.603,2.596,1.961,1.289,1.645,2.15,1.855,0.739,0.446,0.417,0.383,0.938
Reading.RX07002043,0.118,0.18,0.168,0.13,0.192,0.396,0.43,0.186,0.12,0.18,0.518,1.954,1.044,2.112,0.974,0.16,0.201,0.14,0.174,0.201,0.147,0.919,0.208,0.157,0.172,0.208,0.21,0.206,0.201,0.268,0.329,0.259,0.276,0.21,1.013,1.124,1.884,0.684,2.191,0.883,0.856,0.585,1.608,0.631,1.134,0.517,0.196,0.23
Reading.RX07002054,0.156,0.174,0.167,0.209,0.198,0.192,0.209,0.145,0.214,0.163,0.862,1.723,0.454,1.243,1.3,0.502,0.181,0.188,0.156,0.219,0.193,0.301,0.183,0.272,0.197,0.226,0.193,0.32,1.021,0.229,0.272,0.226,0.241,0.253,0.188,0.38,0.713,0.539,1.259,0.578,0.378,0.277,0.27,0.166,0.2,0.161,1.028,0.325
Reading.RX07002084,0.21,0.214,0.206,0.218,0.076,0.074,0.072,0.056,0.058,0.406,0.344,0.499,0.111,0.064,0.062,0.074,0.074,0.068,0.07,0.072,0.076,0.074,0.066,0.068,0.068,0.082,0.084,0.074,0.068,0.07,0.072,0.064,0.078,0.097,0.076,0.087,0.861,0.734,0.319,1.195,0.863,0.451,0.342,0.249,0.161,0.08,0.078,0.08
Reading.RX07002104,0.138,0.136,0.238,0.236,0.13,0.132,0.134,0.136,0.372,0.19,0.104,0.458,1.086,1.054,1.082,1.292,0.957,0.908,0.887,0.415,0.314,0.312,0.237,0.178,0.41,0.234,0.303,0.148,0.3,0.458,0.312,0.837,0.673,0.404,0.633,0.641,0.46,0.235,0.41,0.518,0.674,0.471,0.479,0.69,0.415,0.349,0.213,0.244
Reading.RX07002106,0.036,0.036,0.034,0.034,0.05,0.046,0.032,0.502,0.038,0.034,0.032,0.032,0.032,0.034,0.036,0.036,0.038,0.124,0.052,0.042,0.032,0.436,0.258,0.074,0.068,0.062,0.172,0.288,0.034,0.116,0.148,0.278,0.062,0.066,0.076,0.07,0.132,0.066,0.414,0.07,0.086,0.08,0.082,0.386,0.18,0.082,0.084,0.08
Reading.RX07002113,0.458,0.468,0.45,0.466,0.416,0.369,0.383,0.577,0.477,0.454,0.414,0.41,0.399,0.56,0.982,0.841,1.115,0.81,0.937,0.835,0.768,0.729,0.678,0.697,0.697,0.626,0.379,0.568,0.535,0.505,0.595,0.584,0.566,0.896,0.988,0.695,0.552,0.487,0.514,0.798,0.96,1.211,0.868,0.681,0.531,0.565,0.528,0.598
Reading.RX07002121,0.206,0.178,0.102,0.208,0.243,0.166,0.276,0.302,1.868,2.333,2.198,1.057,0.151,0.184,0.074,0.184,0.228,0.721,0.202,0.194,0.069,0.177,0.207,0.1,0.141,0.207,0.184,0.069,0.194,1.054,0.177,0.074,0.205,0.345,0.322,0.317,0.586,1.197,0.374,0.322,0.284,0.379,0.975,0.133,0.23,0.246,0.179,0.182
Reading.RX07002128,0.058,0.05,0.04,0.06,0.059,0.051,0.044,0.051,0.057,0.042,0.048,0.057,0.31,0.095,0.84,1.12,0.05,0.042,0.042,0.052,0.256,0.05,0.052,0.042,0.205,0.089,0.066,0.073,0.101,0.249,0.071,0.07,0.07,0.068,0.066,0.644,0.826,0.901,0.207,0.524,0.428,0.217,0.299,0.802,0.806,0.644,0.103,0.101
Reading.RX07002131,0.178,0.192,0.708,0.136,0.205,0.179,0.848,0.196,0.188,0.559,0.967,1.401,0.38,1.832,1.152,0.453,0.28,1.285,0.283,0.237,0.273,0.287,0.237,1.061,0.3,0.24,0.254,0.326,0.975,0.435,0.283,0.438,0.343,1.351,0.303,0.247,0.29,0.303,1.258,0.277,0.26,0.296,1.4,2.293,0.6,0.273,0.221,1.219
Reading.RX07002142,0.116,0.076,0.088,0.102,0.117,0.109,0.098,0.104,0.119,0.08,0.122,0.088,0.078,0.312,0.119,0.093,0.072,0.083,0.091,0.068,0.091,0.091,0.064,0.102,0.074,0.083,0.094,0.081,0.085,0.094,0.083,0.079,0.102,0.072,0.3,0.181,0.18,0.223,0.246,0.265,0.251,0.215,0.202,0.268,0.166,0.14,0.07,0.111
Reading.RX07002154,0.89,0.894,0.896,0.894,0.896,0.896,0.896,0.894,1.44,0.896,0.888,0.898,0.798,0.554,0.692,1.374,0.594,1.154,0.962,0.426,0.578,0.222,0.16,0.914,0.612,0.562,0.432,0.434,0.434,0.43,0.04,0.408,0,0,0.064,0,0,0,0,0,0,0.128,0.38,0,0,0,0,0
Reading.RX07002155,0.08,0.1,0.094,0.1,0.056,0.054,0.106,0.12,0.28,0.196,0.206,0.548,0.54,0.824,0.086,0.11,0.352,0.108,0.108,0.266,0.186,0.218,0.108,0.132,0.086,0.282,0.106,0.138,0.202,0.162,0.148,0.1,0.136,0.496,0.194,0.13,0.122,0.168,0.176,0.176,0.168,0.198,0.066,0.1,0.22,0.334,0.102,0.064
Reading.RX07002166,0.26,0.276,0.268,0.26,0.276,0.266,0.262,1.086,0.258,0.266,1.358,0.428,0.296,1.294,0.908,0.586,1.036,0.274,0.262,0.288,0.484,0.478,0.36,0.278,0.27,0.266,0.278,0.284,0.264,0.274,0.944,1.354,0.7,0.502,1.012,0.458,0.552,0.494,0.436,0.434,1.552,0.34,0.26,0.23,0.226,0.218,0.316,0.37
Reading.RX07002167,0.174,0.1,0.214,0.138,0.128,0.56,0.45,1.454,0.602,0.256,0.204,0.114,0.518,0.742,1.73,0.256,0.706,0.54,0.134,0.208,0.086,0.17,0.204,0.08,0.182,0.19,0.114,0.16,0.186,0.14,0.15,0.162,0.156,0.242,0.49,0.556,0.802,1.018,0.93,0.294,0.216,0.114,0.196,0.122,0.134,0.174,0.12,0.162
Reading.RX07002181,0.138,0.146,0.228,0.224,0.206,0.186,0.16,0.132,0.2,0.234,0.948,1.032,1.762,1.912,0.564,1.692,0.458,0.826,0.604,0.128,0.294,0.618,0.148,0.156,0.208,1.906,0.882,0.846,0.966,1.072,1.596,0.426,0.14,0.1,0.676,0.162,0.572,1.206,0.306,0.208,0.266,0.282,0.604,0.2,0.232,0.234,0.202,0.184
Reading.RX07002187,0.222,0.162,0.226,0.928,0.29,0.346,0.218,0.232,0.248,0.224,0.24,0.2,2.036,2.258,1.56,1.558,0.314,0.192,0.222,0.146,0.222,0.226,0.142,0.218,0.216,0.174,0.682,0.308,0.186,0.174,0.23,0.224,0.222,0.266,1.958,1.974,0.454,0.618,1.976,2.554,2.138,1.7,2.172,0.454,0.212,0.204,0.766,0.132
Reading.RX07002199,0.175,0.17,0.175,0.153,0.153,0.153,0.153,0.148,0.153,0.153,0.159,0.164,0.17,0.159,0.17,0.164,0.286,0.295,0.276,0.314,0.305,0.305,0.314,0.305,0.324,0.305,0.295,0.295,0.295,0.305,0.314,0.305,0.324,0.324,0.476,0.562,0.448,0.305,0.305,0.305,0.343,0.333,0.324,0.324,0.305,0.286,0.286,0.286
Reading.RX07002200,0.616,1.262,0.332,0.276,0.426,0.25,0.187,0.243,0.197,0.222,0.577,0.476,0.185,0.239,0.172,0.266,0.358,0.724,0.231,0.31,0.8,0.559,0.468,1.235,0.597,0.46,1.212,1.721,1.796,1.804,0.501,0.298,0.275,0.31,0.758,0.432,1.651,1.472,0.766,1.134,0.557,1.269,1.629,2.041,0.507,0.991,1.335,0.493
Reading.RX07002212,0.06,0.054,0.054,0.056,0.06,0.058,0.056,0.056,0.056,0.086,0.071,0.086,1.713,0.11,0.054,0.058,0.039,0.042,0.041,0.041,0.034,0.035,0.035,0.041,0.045,0.045,0.041,0.042,0.038,0.038,0.038,0.042,0.046,0.058,0.039,0.039,0.038,0.665,0.771,0.286,0.173,0.141,0.606,0.068,0.041,0.043,0.039,0.038
Reading.RX07002223,0.148,0.12,0.122,0.134,0.128,0.13,0.128,0.128,0.204,0.124,0.126,0.448,0.53,0.188,0.122,0.085,0.074,0.235,0.105,0.854,0.219,0.107,0.619,0.52,0.413,0.089,0.074,0.074,0.109,0.132,0.142,0.109,0.089,0.107,0.217,0.797,0.528,0.605,0.339,0.404,0.398,0.285,0.27,0.2,0.165,0.142,0.12,0.136
Reading.RX07002241,0.114,0.104,0.1,0.386,0.136,0.588,0.147,0.139,0.095,0.09,0.119,0.643,0.142,1.069,1.724,0.488,0.624,0.133,0.226,0.144,0.145,0.144,0.152,0.539,0.168,0.152,0.159,0.151,0.167,1.07,0.163,0.175,0.158,0.297,0.482,0.484,0.337,0.382,0.173,0.163,0.159,0.313,0.918,0.419,0.319,0.085,0.066,0.234
Reading.RX07002245,0.224,0.18,0.218,0.172,0.134,0.186,0.144,0.188,0.652,0.18,0.189,0.193,0.153,0.216,0.369,0.182,0.768,0.378,0.392,0.644,0.267,0.193,0.164,0.218,0.206,0.285,0.587,0.278,0.308,0.278,0.658,0.283,0.958,1.236,0.452,0.681,1.748,1.261,0.315,0.302,0.642,0.23,0.186,0.299,0.197,0.225,0.179,0.223
Reading.RX07002250,0.139,0.198,0.185,0.138,0.148,0.205,0.153,0.15,0.644,0.203,0.203,0.171,1.18,0.312,0.277,0.247,0.232,0.228,0.221,0.361,0.687,0.335,0.395,0.361,0.328,0.335,0.411,1.02,0.522,1.994,1.885,0.946,1.43,1.147,1.691,0.444,0.687,0.504,0.506,0.537,1.086,0.571,0.428,0.482,0.475,0.877,0.261,0.208
Reading.RX07002262,0.532,0.638,0.244,0.484,0.362,0.502,0.54,0.29,0.642,0.64,0.42,0.862,0.75,0.408,0.64,0.364,0.718,0.564,0.788,0.467,1.029,0.747,0.722,0.324,0.518,0.653,0.477,0.518,0.319,0.709,0.502,0.798,0.705,1.07,0.666,0.518,0.504,0.533,1.01,0.74,0.908,0.353,0.651,0.243,0.597,0.238,0.541,0.452
Reading.RX07002263,0.057,0.132,0.063,0.12,0.057,0.13,0.053,0.12,0.067,0.116,0.049,0.72,0.547,0.558,0.175,0.24,0.133,0.165,0.148,0.146,0.176,0.113,0.155,0.115,0.137,0.159,0.111,0.139,0.152,0.111,0.272,0.47,0.335,0.379,0.331,0.261,0.287,0.229,0.233,0.253,0.091,0.146,0.109,0.115,0.126,0.091,0.142,0.074
Reading.RX07002268,0.09,0.07,0.06,0.088,0.259,0.337,0.068,0.098,0.056,0.631,1.845,0.325,1.83,0.281,0.125,0.115,0.075,0.086,0.425,0.054,0.118,0.052,0.107,0.082,0.077,0.112,0.06,0.608,0.363,0.2,0.181,0.552,0.142,0.088,0.116,0.114,0.294,0.335,1.794,0.488,0.438,0.447,0.597,0.056,0.097,0.101,0.052,0.254
Reading.RX07002279,0.12,0.146,0.118,0.11,0.122,0.116,0.112,0.112,0.136,0.49,0.187,0.112,0.126,0.146,0.112,0.109,0.109,0.105,0.109,0.105,0.109,0.109,0.109,0.109,0.109,0.112,0.109,0.139,0.194,0.126,0.105,0.156,0.105,0.112,0.163,0.167,0.231,0.18,0.201,0.187,0.228,0.17,0.173,0.146,0.112,0.109,0.112,0.112
Reading.RX07002293,0.242,0.686,0.22,0.226,0.204,0.236,0.166,0.158,0.224,0.2,0.168,0.904,1.13,0.322,0.664,0.214,0.212,0.116,0.202,0.194,0.328,0.518,0.18,0.144,0.202,0.21,0.228,0.198,0.224,0.214,0.21,0.66,0.2,0.444,0.318,0.272,0.28,0.234,0.256,0.27,0.664,0.304,0.26,0.424,0.272,0.232,0.212,0.2
Reading.RX07002308,0.156,0.22,0.186,0.14,0.52,0.448,0.072,0.216,0.184,0.208,0.16,0.28,0.11,0.2,0.354,0.246,0.176,0.228,0.15,0.142,0.24,0.16,0.152,0.158,0.256,0.14,0.632,0.574,0.17,0.116,0.27,0.18,0.17,0.22,0.29,0.2,0.156,0.342,0.33,0.212,0.386,0.33,0.252,0.682,1.242,0.16,0.094,0.3
Reading.RX07002345,0.074,0.072,0.064,0.06,0.053,0.046,0.055,0.045,0.051,0.048,0.046,0.053,0.041,0.053,0.154,0.069,0.443,1.861,0.351,0.727,0.1,0.078,0.164,0.743,0.102,0.102,0.114,0.116,0.088,0.325,0.094,0.753,0.162,1.463,0.232,1.096,0.577,0.463,0.236,0.276,0.281,0.264,0.134,0.092,0.1,0.126,0.09,0.571
Reading.RX07002355,0.122,0.124,0.122,0.124,0.158,0.149,0.145,0.138,0.136,0.141,0.141,0.145,0.195,0.424,0.138,0.099,0.11,0.089,0.093,0.104,0.083,0.231,0.148,0.137,0.709,0.632,0.37,0.142,0.137,0.135,0.083,0.116,0.085,0.446,0.256,0.138,0.584,0.385,0.495,0.457,0.412,0.571,0.404,0.544,0.685,0.396,0.154,0.159
Reading.RX07002366,0.088,0.092,0.098,0.098,0.09,0.088,0.088,0.094,0.096,0.094,0.094,0.104,0.426,1.378,0.086,0.13,0.112,0.094,0.094,0.094,0.09,0.09,0.146,0.19,0.086,0.118,0.928,0.246,0.356,0.186,0.186,0.164,0.282,0.308,0.486,1.278,0.25,0.378,0.33,0.204,0.204,0.256,0.284,0.198,0.094,0.094,0.088,0.088
Reading.RX07002372,0.114,0.076,0.2,0.12,0.62,0.198,0.1,0.104,0.192,0.102,0.158,0.24,1.036,0.294,0.132,0.152,0.576,0.2,0.114,0.1,0.208,0.068,0.15,0.188,0.056,0.292,0.182,0.124,0.196,0.156,0.634,0.798,0.694,1.272,0.886,0.226,0.278,0.416,1.938,0.762,0.942,0.24,0.222,0.102,0.11,0.21,0.116,0.58
Reading.RX07002387,0.503,0.091,0.089,0.089,0.087,0.095,0.089,0.093,0.087,0.653,0.083,0.083,0.083,0.198,0.321,0.352,0.164,0.176,0.172,0.166,0.17,1.065,0.792,0.212,0.164,0.119,0.105,0.103,0.111,0.234,0.15,0.107,0.675,1.328,1.482,0.131,0.257,1.443,0.226,0.21,0.263,0.275,0.23,0.524,0.748,0.141,0.141,1.482
Reading.RX07002404,0.071,0.085,0.069,0.081,0.071,0.079,0.069,0.077,0.068,0.127,0.48,1.512,0.59,1.576,1.711,0.822,0.197,0.351,0.967,0.332,0.22,0.142,0.108,0.101,1.377,0.708,0.171,0.291,0.279,0.275,0.549,0.114,0.112,0.234,0.101,0.488,0.456,0.915,0.473,0.338,0.292,0.68,1.386,0.921,1.194,0.731,0.144,0.133
Reading.RX07002428,0.083,0.64,0.078,0.093,0.088,0.088,0.086,0.083,0.093,0.078,0.444,0.549,0.728,0.363,0.152,0.054,0.789,0.274,0.042,0.042,0.04,0.031,0.037,0.468,0.253,0.206,0.351,0.409,0.123,0.164,0.264,0.515,0.521,1.207,0.513,0.617,0.671,0.145,0.15,0.7,0.156,0.127,0.12,0.069,0.054,0.058,0.05,0.044
Reading.RX07002440,0.118,0.144,0.162,0.18,0.137,0.107,0.124,0.174,0.151,0.086,0.143,0.105,0.185,0.134,0.099,0.28,0.145,0.076,0.227,0.26,0.253,0.462,0.17,0.192,0.184,0.155,0.161,0.141,0.17,0.112,0.511,0.558,0.388,0.589,0.525,0.26,0.157,0.174,0.272,0.219,0.212,0.129,0.202,0.161,0.116,0.114,0.108,0.174
Reading.RX07002454,0.048,0.046,0.388,0.046,0.048,0.042,0.042,0.04,0.042,0.04,0.042,0.046,0.044,0.508,0.186,0.036,0.048,0.236,0.096,0.07,0.044,0.33,0.124,0.044,0.042,0.044,0.044,0.044,0.046,0.456,0.302,0.35,0.152,0.15,0.27,0.106,0.106,0.126,0.486,0.174,0.174,0.18,0.156,0.138,0.134,0.128,0.422,0.042
Reading.RX07002456,0.092,0.072,0.092,0.136,0.14,0.072,0.114,0.48,0.1,0.09,0.218,0.59,0.97,0.364,0.202,0.082,0.084,0.094,0.272,0.462,0.076,0.104,0.082,0.096,0.096,0.09,0.582,0.102,0.112,0.064,0.104,0.074,0.098,0.104,0.068,1.77,0.574,0.92,0.298,0.286,0.888,0.286,0.188,0.084,0.086,0.094,0.07,0.108
Reading.RX07002479,0.044,0.144,0.118,0.116,0.118,0.062,0.1,0.078,0.058,0.118,0.078,0.054,0.096,0.046,0.12,0.114,0.196,0.162,0.164,0.116,0.15,0.13,0.29,0.154,0.048,0.124,0.056,0.09,0.116,0.098,0.044,0.12,0.152,0.804,0.206,0.168,0.212,0.118,0.2,0.244,0.25,0.272,0.204,1.084,1.208,1.184,1.13,0.79
Reading.RX07002488,0.172,0.196,0.126,0.16,0.176,0.11,0.28,0.218,0.354,0.186,0.672,1.272,1.478,0.16,0.068,0.468,0.744,0.782,0.248,0.084,0.524,0.202,0.238,0.228,0.156,0.186,0.588,0.184,0.408,0.242,0.212,0.232,0.83,0.622,0.242,0.452,0.962,0.24,0.758,1.518,0.226,0.17,0.16,0.224,0.178,0.196,0.65,0.188
Reading.RX07002489,0.082,0.076,0.064,0.08,0.074,0.704,0.072,0.078,0.068,0.07,0.08,0.068,0.268,0.554,0.508,0.592,0.238,0.068,0.41,0.356,0.498,0.496,0.162,0.082,0.116,0.638,0.116,0.634,0.07,0.21,0.074,0.356,0.32,0.162,0.62,0.93,0.294,1.008,0.82,1.32,0.254,0.714,0.262,0.188,0.106,0.098,0.58,0.122
Reading.RX07002524,0.07,0.09,0.086,0.09,0.113,0.098,0.071,0.069,0.096,0.098,0.082,0.06,0.084,0.351,0.648,0.737,0.375,0.244,0.53,1.157,0.142,0.132,0.146,0.177,0.177,0.156,0.177,0.177,0.177,0.177,0.179,0.239,0.455,1.137,1.126,0.591,1.137,0.589,1.181,0.607,0.635,0.627,0.684,0.71,1.11,0.733,0.26,0.106
Reading.RX07002529,0.234,0.198,0.142,0.174,0.132,0.172,0.14,0.158,0.114,0.082,0.168,0.402,1.004,1.022,1.066,1.008,1.436,1.37,0.231,0.225,0.171,0.203,0.157,0.094,0.205,0.168,0.186,0.08,0.151,0.151,0.114,0.188,0.177,0.123,0.334,0.699,0.471,0.539,0.768,1.578,1.738,0.522,0.491,0.485,0.479,0.514,0.462,0.197
Reading.RX07002552,0.058,0.016,0.03,0.056,0.049,0.011,0.047,0.014,0.036,0.025,0.023,0.04,0.493,1.681,0.327,0.011,0.218,0.045,0.022,0.057,0.023,0.047,0.053,0.015,0.057,0.043,0.027,0.058,0.035,0.037,0.621,0.023,0.05,0.098,0.108,0.102,0.07,0.038,0.077,0.048,0.06,0.06,0.05,0.09,0.777,0.073,0.035,0.068
Reading.RX07002560,0.278,0.188,0.214,0.194,0.216,0.186,0.224,0.784,0.216,0.178,0.21,0.15,0.094,0.076,0.276,0.13,0.096,0.662,0.396,0.062,0.83,0.124,0.162,0.136,0.19,0.498,0.344,0.484,0.54,1.422,0.746,0.506,1.41,0.772,0.486,0.546,0.204,0.286,0.764,0.496,0.502,0.614,0.264,0.166,0.398,1.426,1.046,0.206
Reading.RX07002568,0.128,0.132,0.11,0.102,0.142,0.108,0.12,0.094,0.176,0.166,0.134,0.114,0.53,1.808,1.768,1.316,0.937,0.252,0.187,0.116,0.731,0.171,0.439,0.319,0.338,0.257,0.18,0.097,0.227,0.74,0.199,0.19,0.231,0.287,0.284,0.259,0.701,1.445,1.02,0.472,0.516,0.476,0.648,0.356,0.201,0.123,0.153,0.102
Reading.RX07002570,0.094,0.096,0.098,0.096,0.1,0.1,0.1,0.654,0.094,0.094,0.436,0.44,0.242,0.714,0.422,0.27,0.098,0.092,0.09,0.088,0.408,0.108,0.1,0.092,0.09,0.104,0.106,0.11,0.106,0.186,0.636,0.678,0.244,1.654,0.682,0.35,0.656,0.468,0.644,0.728,0.288,0.266,0.444,0.44,0.102,0.102,0.1,0.09
Reading.RX07002587,0.11,0.112,0.12,0.116,0.097,0.108,0.112,0.11,0.102,0.093,0.169,0.357,0.472,0.463,0.389,0.131,0.146,0.201,0.173,0.161,0.169,0.18,0.18,0.085,0.07,0.074,0.085,0.085,0.085,0.135,0.123,0.082,0.18,0.233,0.241,0.239,0.26,0.4,0.195,0.243,0.273,0.26,0.178,0.108,0.116,0.114,0.114,0.11
Reading.RX07002604,0.15,0.13,0.102,0.158,0.458,0.314,0.132,0.086,0.17,0.094,0.288,1.108,0.308,0.29,0.226,0.736,0.256,0.181,0.246,0.179,0.323,1.2,0.283,0.183,0.222,0.161,0.187,0.232,0.309,0.975,0.197,0.226,0.604,2.041,1.904,1.493,0.317,0.618,0.568,1.129,0.755,0.745,0.804,1.013,0.675,0.26,0.161,0.183
Reading.RX07002630,0.062,0.055,0.117,0.1,0.078,0.066,0.064,0.059,0.06,0.062,0.06,0.103,0.209,0.127,0.107,0.08,1.316,0.25,0.054,0.086,0.434,0.925,0.148,0.071,0.139,0.148,0.157,0.146,0.173,0.084,0.075,0.07,0.089,0.077,0.071,0.079,0.659,1.67,0.482,0.47,0.472,0.584,0.657,0.741,0.597,1.089,0.395,0.271
Reading.RX07002632,0.162,0.112,0.154,0.162,0.138,0.128,0.164,0.162,0.12,0.148,0.172,0.162,1.23,1.822,1.158,1.046,0.27,0.164,0.16,0.124,0.14,0.184,0.17,0.164,0.166,0.164,0.162,0.164,0.168,0.214,0.212,0.222,0.238,1.818,0.776,0.796,1.364,0.48,0.49,0.522,0.572,0.222,0.158,0.16,0.158,0.138,0.118,0.162
Reading.RX07002648,0.136,0.564,0.134,0.096,0.096,0.096,0.096,0.094,0.496,0.126,0.468,0.17,0.168,0.152,0.7,0.124,0.684,0.34,0.586,0.104,0.098,0.118,0.752,0.21,1.004,0.262,0.632,0.12,0.206,0.206,0.546,1.2,2.022,0.35,1.706,1.508,1.58,0.388,0.274,0.886,0.174,0.196,0.88,0.272,1.208,0.126,0.126,0.18
Reading.RX07002650,0.373,0.162,0.16,0.16,0.16,0.158,0.16,0.158,0.096,0.126,0.846,0.365,0.162,0.235,0.606,0.463,0.154,0.154,0.156,0.154,0.243,0.092,0.756,0.608,0.704,0.377,0.429,0.205,0.203,0.291,0.852,1.323,0.886,0.533,0.738,0.275,0.553,0.612,0.632,0.557,0.6,0.902,0.365,0.184,0.184,0.162,0.16,0.201
Reading.RX07002658,0.186,0.608,0.172,0.18,0.166,0.168,0.176,0.17,0.166,1.826,0.732,1.928,0.438,0.166,0.174,0.256,0.208,0.618,0.18,0.164,0.172,0.176,0.162,0.168,0.178,0.164,0.168,0.178,0.168,0.658,0.176,0.188,0.164,0.59,0.446,0.416,0.524,1.042,0.546,1.082,1.998,0.82,0.598,0.538,0.19,0.194,0.168,0.634
Reading.RX07002666,0.121,0.296,0.739,0.129,0.138,0.136,0.127,0.138,0.278,0.629,0.559,0.162,0.855,0.622,0.127,0.11,0.121,0.145,0.133,0.131,0.107,0.137,0.143,0.125,0.175,0.125,0.141,0.095,0.149,0.145,0.131,0.163,0.181,1.786,1.564,0.582,0.822,0.681,0.33,0.286,1.499,0.816,0.52,0.147,0.127,0.111,0.115,0.123
Reading.RX07002668,0.484,0.42,0.368,0.616,0.194,0.194,0.2,0.232,1.198,0.276,0.214,0.702,0.384,1.332,0.842,0.486,0.704,0.266,0.352,1.388,0.556,0.888,0.638,0.354,0.378,0.406,0.594,0.438,1.136,1.14,1.352,0.404,0.59,0.378,0.388,1.328,0.828,0.654,0.86,0.926,0.32,0.422,0.584,0.3,0.296,0.466,0.49,0.668
Reading.RX07002672,0.214,0.196,0.192,0.21,0.166,0.178,0.158,0.164,0.176,0.16,0.174,0.213,0.478,0.253,0.262,0.166,0.278,0.231,0.187,0.112,0.241,0.189,0.223,0.142,0.138,0.138,0.144,0.166,0.15,0.31,0.195,0.134,0.158,0.164,0.953,0.655,0.693,0.762,0.764,0.748,0.807,0.566,0.268,0.182,0.18,0.185,0.195,0.191
